artist,slugged_artist
10000 Maniacs,10000_MANIACS
10cc,10CC
12 Stones,12_STONES
1200 Mics,1200_MICS
16 Frames,16_FRAMES
1910 Fruitgum Company,1910_FRUITGUM_COMPANY
2Pac,2PAC
2raumwohnung,2RAUMWOHNUNG
3 Doors Down,3_DOORS_DOWN
30 Seconds To Mars,30_SECONDS_TO_MARS
311,311
3LW,3LW
3rd Bass,3RD_BASS
4 Non Blondes,4_NON_BLONDES
50 Cent,50_CENT
7 Notas 7 Colores,7_NOTAS_7_COLORES
8 Wonders,8_WONDERS
808 State,808_STATE
883,883
91 Suite,91_SUITE
A Challenge Of Honour,A_CHALLENGE_OF_HONOUR
A Fine Frenzy,A_FINE_FRENZY
A Flock Of Seagulls,A_FLOCK_OF_SEAGULLS
A Perfect Circle,A_PERFECT_CIRCLE
A Tribe Called Quest,A_TRIBE_CALLED_QUEST
A-Ha,A_HA
A.C.T,A_C_T
A3,A3
ABC,ABC
ADJD,ADJD
AFI,AFI
AGATHODAIMON,AGATHODAIMON
ARMS AND SLEEPERS,ARMS_AND_SLEEPERS
ARRESTED DEVELOPMENT,ARRESTED_DEVELOPMENT
ATB,ATB
Aaliyah,AALIYAH
Aaron Carter,AARON_CARTER
Aaron Lines,AARON_LINES
Aaron Neville,AARON_NEVILLE
Aaron Tippin,AARON_TIPPIN
Abba,ABBA
Above & Beyond Feat. Zoe Johnston,ABOVE_BEYOND_FEAT_ZOE_JOHNSTON
Above & Beyond vs. Andy Moor,ABOVE_BEYOND_VS_ANDY_MOOR
Abstürzende Brieftauben,ABSTURZENDE_BRIEFTAUBEN
Acda & De Munnik,ACDA_DE_MUNNIK
Ace of Base,ACE_OF_BASE
Adam Green,ADAM_GREEN
Adam Lambert,ADAM_LAMBERT
Adele,ADELE
Adie,ADIE
Admiral Freebee,ADMIRAL_FREEBEE
Aerosmith,AEROSMITH
Afgin,AFGIN
Afro Celt Sound System,AFRO_CELT_SOUND_SYSTEM
Afroman,AFROMAN
After Forever,AFTER_FOREVER
After The Fire,AFTER_THE_FIRE
Afterhours,AFTERHOURS
Agnelli & Nelson,AGNELLI_NELSON
Agnetha Fältskog,AGNETHA_FALTSKOG
Agoria,AGORIA
Airbase,AIRBASE
Akcent,AKCENT
Akon,AKON
Al Bano & Romina Power,AL_BANO_ROMINA_POWER
Al Green,AL_GREEN
Al Jarreau,AL_JARREAU
Al Martino,AL_MARTINO
Alabama,ALABAMA
Alabama Duet wth K.T. Oslin,ALABAMA_DUET_WTH_K_T_OSLIN
Alain Bashung,ALAIN_BASHUNG
Alan Jackson,ALAN_JACKSON
Alan Jackson Duet with Jimmy Buffett,ALAN_JACKSON_DUET_WITH_JIMMY_BUFFETT
Alan Parsons,ALAN_PARSONS
Alanis Morissette,ALANIS_MORISSETTE
Alaska In Winter,ALASKA_IN_WINTER
Albert Hammond,ALBERT_HAMMOND
Alcatrazz,ALCATRAZZ
Alcazar,ALCAZAR
Aldo Nova,ALDO_NOVA
Alejandro Fernandez,ALEJANDRO_FERNANDEZ
Alejandro Sanz,ALEJANDRO_SANZ
Aleks Syntek/Ana Torroja,ALEKS_SYNTEK_ANA_TORROJA
Alela Diane,ALELA_DIANE
Alesha Dixon,ALESHA_DIXON
Alessandra Amoroso,ALESSANDRA_AMOROSO
Alex Baroni,ALEX_BARONI
Alex Britti,ALEX_BRITTI
Alex Bugnon,ALEX_BUGNON
Alex Chilton,ALEX_CHILTON
Alex Ubago,ALEX_UBAGO
Alexander O'Neal,ALEXANDER_O_NEAL
Alexia,ALEXIA
Alice Cooper,ALICE_COOPER
Alice In Chains,ALICE_IN_CHAINS
Alice Peacock,ALICE_PEACOCK
Alice Russell,ALICE_RUSSELL
Alicia Bridges,ALICIA_BRIDGES
Alicia Keys,ALICIA_KEYS
Alien Ant Farm,ALIEN_ANT_FARM
Alison Krauss,ALISON_KRAUSS
Alison Krauss / Union Station,ALISON_KRAUSS_UNION_STATION
Alison Limerick,ALISON_LIMERICK
Alizée,ALIZEE
All Saints,ALL_SAINTS
All-Star United,ALL_STAR_UNITED
Allison Moorer,ALLISON_MOORER
Allure,ALLURE
Alpha 606,ALPHA_606
Alphaville,ALPHAVILLE
Alphawezen,ALPHAWEZEN
Alt F4,ALT_F4
Alvin And The Chipmunks,ALVIN_AND_THE_CHIPMUNKS
Alvin Stardust,ALVIN_STARDUST
Amaia Montero,AMAIA_MONTERO
Amanda Marshall,AMANDA_MARSHALL
Amaral,AMARAL
Amber,AMBER
Ambrosia,AMBROSIA
America,AMERICA
American Hi-Fi,AMERICAN_HI_FI
Amon Amarth,AMON_AMARTH
Amon Tobin,AMON_TOBIN
Amorphis,AMORPHIS
Amy Diamond,AMY_DIAMOND
Amy MacDonald,AMY_MACDONALD
Amy Pearson,AMY_PEARSON
Amy Studt,AMY_STUDT
Amy Winehouse,AMY_WINEHOUSE
Ana Gabriel,ANA_GABRIEL
Anastacia,ANASTACIA
Anathema,ANATHEMA
Anatomy Of A Ghost,ANATOMY_OF_A_GHOST
Ancient Astronauts,ANCIENT_ASTRONAUTS
Andrea True Connection,ANDREA_TRUE_CONNECTION
Andreas Johnson,ANDREAS_JOHNSON
Andres Calamaro,ANDRES_CALAMARO
Andrew Gold,ANDREW_GOLD
Andru Donalds,ANDRU_DONALDS
Andy & Lucas,ANDY_LUCAS
Andy Abraham,ANDY_ABRAHAM
Andy Jay Powell,ANDY_JAY_POWELL
Angelina,ANGELINA
Angels and Airwaves,ANGELS_AND_AIRWAVES
Angie Stone,ANGIE_STONE
Anita Ward,ANITA_WARD
Ann Peebles,ANN_PEEBLES
Ann Wilson / Gretchen Wilson,ANN_WILSON_GRETCHEN_WILSON
Anna Abreu,ANNA_ABREU
Anna Järvinen,ANNA_JARVINEN
Anna Nalick,ANNA_NALICK
Anna Oxygen,ANNA_OXYGEN
Anna Ternheim,ANNA_TERNHEIM
Anna-Maria Zimmermann,ANNA_MARIA_ZIMMERMANN
AnnaGrace,ANNAGRACE
Annie,ANNIE
Annie Lennox,ANNIE_LENNOX
Annie Lennox;Steven Lipson,ANNIE_LENNOX_STEVEN_LIPSON
Anouk,ANOUK
Anthony Callea,ANTHONY_CALLEA
Antiloop,ANTILOOP
Antoine Clamaran Feat. Soraya,ANTOINE_CLAMARAN_FEAT_SORAYA
Antonello Venditti,ANTONELLO_VENDITTI
Antonio Carlos Jobim,ANTONIO_CARLOS_JOBIM
Any Trouble,ANY_TROUBLE
Aphrodite's Child,APHRODITE_S_CHILD
Apocalyptica,APOCALYPTICA
Aqua,AQUA
Arch Enemy,ARCH_ENEMY
Archies,ARCHIES
Archive,ARCHIVE
Arctic Monkeys,ARCTIC_MONKEYS
Arcturus,ARCTURUS
Aretha Franklin,ARETHA_FRANKLIN
Argent,ARGENT
Arlo Guthrie,ARLO_GUTHRIE
Armin,ARMIN
Armin Van Buuren Feat. Susana,ARMIN_VAN_BUUREN_FEAT_SUSANA
Armin van Buuren,ARMIN_VAN_BUUREN
Arne Zank,ARNE_ZANK
Arno Cost & Arias,ARNO_COST_ARIAS
Art Blakey's Jazz Messengers,ART_BLAKEY_S_JAZZ_MESSENGERS
Art Of Noise,ART_OF_NOISE
Artesia,ARTESIA
Artful Dodger Feat Craig David,ARTFUL_DODGER_FEAT_CRAIG_DAVID
Arthur Brown,ARTHUR_BROWN
Articolo 31,ARTICOLO_31
Artie Shaw & His Orchestra,ARTIE_SHAW_HIS_ORCHESTRA
Artie Shaw and his orchestra,ARTIE_SHAW_AND_HIS_ORCHESTRA
Arturo Sandoval,ARTURO_SANDOVAL
Ash,ASH
Ashanti,ASHANTI
Ashbury Heights,ASHBURY_HEIGHTS
Ashlee Simpson,ASHLEE_SIMPSON
Ashton Shepherd,ASHTON_SHEPHERD
Asia,ASIA
Asleep At The Wheel,ASLEEP_AT_THE_WHEEL
Assemblage 23,ASSEMBLAGE_23
Astrud Gilberto,ASTRUD_GILBERTO
Aswad,ASWAD
At Vance,AT_VANCE
Aterciopelados,ATERCIOPELADOS
Athlete,ATHLETE
Atjazz,ATJAZZ
Atom,ATOM
Atomic Kitten,ATOMIC_KITTEN
Au Revoir Simone,AU_REVOIR_SIMONE
Audio Adrenaline,AUDIO_ADRENALINE
Audio Karate,AUDIO_KARATE
Audioslave,AUDIOSLAVE
Augustana,AUGUSTANA
Autoramas,AUTORAMAS
Avalon,AVALON
Avant,AVANT
Avantasia,AVANTASIA
Aventura,AVENTURA
Avishai Cohen,AVISHAI_COHEN
Avril Lavigne,AVRIL_LAVIGNE
Axel Fischer feat. Cora,AXEL_FISCHER_FEAT_CORA
Axxis,AXXIS
Ayla,AYLA
Ayo,AYO
B Bumble & The Stingers,B_BUMBLE_THE_STINGERS
B-Real,B_REAL
B. J. THOMAS,B_J_THOMAS
B.B. King,B_B_KING
B.B.E.,B_B_E
B.J. THOMAS,B_J_THOMAS
B.W. Stevenson,B_W_STEVENSON
B2K,B2K
B3,B3
BBE,BBE
Babyface,BABYFACE
Bachman Turner Overdrive,BACHMAN_TURNER_OVERDRIVE
Bachman-Turner Overdrive,BACHMAN_TURNER_OVERDRIVE
Backstreet Boys,BACKSTREET_BOYS
Bad Company,BAD_COMPANY
Bad English,BAD_ENGLISH
Bad Manners,BAD_MANNERS
Badfinger,BADFINGER
Ballboy,BALLBOY
Banaroo,BANAROO
Baracuda,BARACUDA
Barbara Dickson,BARBARA_DICKSON
Barbara Fairchild,BARBARA_FAIRCHILD
Barbara Mandrell,BARBARA_MANDRELL
Barbara Tucker,BARBARA_TUCKER
Barbra Streisand & Barry Gibb,BARBRA_STREISAND_BARRY_GIBB
Barclay James Harvest,BARCLAY_JAMES_HARVEST
Barry Blue,BARRY_BLUE
Barry Manilow,BARRY_MANILOW
Barry White,BARRY_WHITE
Bart Claessen,BART_CLAESSEN
Barão Vermelho,BARAO_VERMELHO
Basia,BASIA
Basic Channel,BASIC_CHANNEL
Basic Perspective,BASIC_PERSPECTIVE
Basshunter,BASSHUNTER
Beasts Of Bourbon,BEASTS_OF_BOURBON
Bebo Norman,BEBO_NORMAN
Beck,BECK
Bee Gees,BEE_GEES
Beirut,BEIRUT
Bellamy Brothers,BELLAMY_BROTHERS
Ben E. King,BEN_E_KING
Ben Folds,BEN_FOLDS
Ben Folds Five,BEN_FOLDS_FIVE
Ben Moody feat. Anastacia,BEN_MOODY_FEAT_ANASTACIA
Ben Weaver,BEN_WEAVER
Benga,BENGA
Benny Latimore,BENNY_LATIMORE
Berlin,BERLIN
Bert Kaempfert,BERT_KAEMPFERT
Beth Nielsen Chapman,BETH_NIELSEN_CHAPMAN
Better Than Ezra,BETTER_THAN_EZRA
Betty Boo,BETTY_BOO
Beverley Craven,BEVERLEY_CRAVEN
Beyonce,BEYONCE
Beyoncé,BEYONCE
Beyoncé feat. Jay-Z,BEYONCE_FEAT_JAY_Z
Biagio Antonacci,BIAGIO_ANTONACCI
Bianca Ryan,BIANCA_RYAN
Bic Runga,BIC_RUNGA
Big & Rich,BIG_RICH
Big Audio Dynamite,BIG_AUDIO_DYNAMITE
Big Audio Dynamite II,BIG_AUDIO_DYNAMITE_II
Big Fun,BIG_FUN
Big Head Todd and The Monsters,BIG_HEAD_TODD_AND_THE_MONSTERS
Big Shug,BIG_SHUG
Biirdie,BIIRDIE
Bill Justis,BILL_JUSTIS
Bill Laswell,BILL_LASWELL
Bill Withers,BILL_WITHERS
Billie Jo Spears,BILLIE_JO_SPEARS
Billie The Vision & The Dancers,BILLIE_THE_VISION_THE_DANCERS
Billy Bob Thornton,BILLY_BOB_THORNTON
Billy Currington,BILLY_CURRINGTON
Billy Dean,BILLY_DEAN
Billy Gilman,BILLY_GILMAN
Billy Idol,BILLY_IDOL
Billy J Kramer,BILLY_J_KRAMER
Billy J. Kramer,BILLY_J_KRAMER
Billy Joe Royal,BILLY_JOE_ROYAL
Billy Joe Shaver,BILLY_JOE_SHAVER
Billy Joel,BILLY_JOEL
Billy Ocean,BILLY_OCEAN
Billy Paul,BILLY_PAUL
Billy Preston,BILLY_PRESTON
Billy Ray Cyrus,BILLY_RAY_CYRUS
Billy Talent,BILLY_TALENT
Billy Thorpe,BILLY_THORPE
Binary Finary,BINARY_FINARY
Biquini Cavadão,BIQUINI_CAVADAO
Birdy Nam Nam,BIRDY_NAM_NAM
Bitch Alert,BITCH_ALERT
Bitty McLean,BITTY_MCLEAN
Björk,BJORK
Black Box,BLACK_BOX
Black Eyed Peas,BLACK_EYED_PEAS
Black Label Society,BLACK_LABEL_SOCIETY
Black Oak Arkansas,BLACK_OAK_ARKANSAS
Black Pearl,BLACK_PEARL
Black Strobe,BLACK_STROBE
Black Uhuru,BLACK_UHURU
BlackHawk,BLACKHAWK
Blackmore's Night,BLACKMORE_S_NIGHT
Blackstreet,BLACKSTREET
Blake Lewis,BLAKE_LEWIS
Blake Shelton,BLAKE_SHELTON
Blessid Union Of Souls,BLESSID_UNION_OF_SOULS
Blind Melon,BLIND_MELON
Blink 182,BLINK_182
Blink-182,BLINK_182
Bloc Party,BLOC_PARTY
Blondie,BLONDIE
Blood_ Sweat & Tears,BLOOD_SWEAT_TEARS
Bloodhound Gang,BLOODHOUND_GANG
Blu Cantrell,BLU_CANTRELL
Blue Alphabet,BLUE_ALPHABET
Blue Highway,BLUE_HIGHWAY
Blue Oyster Cult,BLUE_OYSTER_CULT
Blue Rodeo,BLUE_RODEO
Blue System,BLUE_SYSTEM
Blueboy,BLUEBOY
Blues Image,BLUES_IMAGE
Blur,BLUR
Blutengel,BLUTENGEL
Bluvertigo,BLUVERTIGO
Bløf,BLF
Bo Kaspers Orkester,BO_KASPERS_ORKESTER
Bob Evans,BOB_EVANS
Bob James,BOB_JAMES
Bob Marley & The Wailers,BOB_MARLEY_THE_WAILERS
Bob Sinclar Feat. Gary Nesta Pine,BOB_SINCLAR_FEAT_GARY_NESTA_PINE
Bobby Bare,BOBBY_BARE
Bobby Brown,BOBBY_BROWN
Bobby Goldsboro,BOBBY_GOLDSBORO
Bobby Solo,BOBBY_SOLO
Bobby Vinton,BOBBY_VINTON
Bodyrockers,BODYROCKERS
Bon Jovi,BON_JOVI
Bond,BOND
Boney James,BONEY_JAMES
Boney M.,BONEY_M
Boney M. 2000,BONEY_M_2000
Bonnie Raitt,BONNIE_RAITT
Bonnie Tyler,BONNIE_TYLER
Bono / Secret Machines,BONO_SECRET_MACHINES
Booka Shade,BOOKA_SHADE
Booker T & The MG's,BOOKER_T_THE_MG_S
Booker T. & The M.G.'s,BOOKER_T_THE_M_G_S
Booker T. & The MG's,BOOKER_T_THE_MG_S
Bosson,BOSSON
Boston,BOSTON
Bouncing Souls_ The,BOUNCING_SOULS_THE
Boy George,BOY_GEORGE
Boys Like Girls,BOYS_LIKE_GIRLS
Boyz II Men,BOYZ_II_MEN
Boyzone,BOYZONE
Boz Scaggs,BOZ_SCAGGS
Brad Paisley,BRAD_PAISLEY
Brad Paisley;Alison Krauss,BRAD_PAISLEY_ALISON_KRAUSS
Bradley Leighton,BRADLEY_LEIGHTON
Brainstorm,BRAINSTORM
Brandy,BRANDY
Brandy & Ray J,BRANDY_RAY_J
Bread,BREAD
Breaking Point,BREAKING_POINT
Breathe Carolina,BREATHE_CAROLINA
Brenda Lee,BRENDA_LEE
Brett Anderson,BRETT_ANDERSON
Brian May,BRIAN_MAY
Brian Mcfadden,BRIAN_MCFADDEN
Brian Setzer,BRIAN_SETZER
Brian Wilson,BRIAN_WILSON
Bright Eyes,BRIGHT_EYES
Bright Eyes & Neva Dinova,BRIGHT_EYES_NEVA_DINOVA
Brighter,BRIGHTER
Brigitte Bardot / Serge Gainsbourg,BRIGITTE_BARDOT_SERGE_GAINSBOURG
Britney Spears,BRITNEY_SPEARS
Britney Spears featuring Madonna,BRITNEY_SPEARS_FEATURING_MADONNA
Britny Fox,BRITNY_FOX
Broken Social Scene,BROKEN_SOCIAL_SCENE
Brooke Fraser,BROOKE_FRASER
Brooks & Dunn,BROOKS_DUNN
Brotherhood Of Man,BROTHERHOOD_OF_MAN
Browns,BROWNS
Bruce Dickinson,BRUCE_DICKINSON
Bruce Hornsby,BRUCE_HORNSBY
Bruce Hornsby and the Range,BRUCE_HORNSBY_AND_THE_RANGE
Bruce Mitchell,BRUCE_MITCHELL
Bruce Springsteen,BRUCE_SPRINGSTEEN
Bruce Willis,BRUCE_WILLIS
Bruford,BRUFORD
Brujeria,BRUJERIA
Bryan Adams,BRYAN_ADAMS
Buck Owens,BUCK_OWENS
Buddy Holly,BUDDY_HOLLY
Buddy Holly & The Crickets,BUDDY_HOLLY_THE_CRICKETS
Buddy Holly & The Picks,BUDDY_HOLLY_THE_PICKS
Buena Vista Social Club,BUENA_VISTA_SOCIAL_CLUB
Built To Spill,BUILT_TO_SPILL
Bulutsuzluk Özlemi,BULUTSUZLUK_OZLEMI
Burial,BURIAL
Busta Rhymes,BUSTA_RHYMES
C-Block,C_BLOCK
C.J. Bolland,C_J_BOLLAND
CC Cowboys,CC_COWBOYS
CMX,CMX
CREMATORY,CREMATORY
CSS,CSS
Caesars,CAESARS
Caifanes,CAIFANES
Cake,CAKE
Cal Smith,CAL_SMITH
Caliban,CALIBAN
Calogero,CALOGERO
Calvin Richardson,CALVIN_RICHARDSON
Camel,CAMEL
Cameo,CAMEO
Camera Obscura,CAMERA_OBSCURA
Camilo Sesto,CAMILO_SESTO
Candi Staton,CANDI_STATON
Candy Dulfer,CANDY_DULFER
Canibus,CANIBUS
Capital Inicial,CAPITAL_INICIAL
Cappella,CAPPELLA
Captain & Tennille,CAPTAIN_TENNILLE
Captain Hollywood Project,CAPTAIN_HOLLYWOOD_PROJECT
Captain Jack,CAPTAIN_JACK
Captain Sensible,CAPTAIN_SENSIBLE
Caravan,CARAVAN
Carbon Leaf,CARBON_LEAF
Carcass,CARCASS
Carey Bell_ Lurrie Bell,CAREY_BELL_LURRIE_BELL
Carey Ott,CAREY_OTT
Carl Douglas,CARL_DOUGLAS
Carla Thomas,CARLA_THOMAS
Carleen Anderson,CARLEEN_ANDERSON
Carlos Baute,CARLOS_BAUTE
Carlos Santana,CARLOS_SANTANA
Carlos Vives,CARLOS_VIVES
Carly Simon,CARLY_SIMON
Carmen Consoli,CARMEN_CONSOLI
Carole King,CAROLE_KING
Carpenters,CARPENTERS
Carrie Underwood,CARRIE_UNDERWOOD
Cartel,CARTEL
Carter USM,CARTER_USM
Casting Crowns,CASTING_CROWNS
Cat Power,CAT_POWER
Catatonia,CATATONIA
Catherine Wheel,CATHERINE_WHEEL
Cathy Davey,CATHY_DAVEY
Cathy Dennis,CATHY_DENNIS
Cedric Gervais,CEDRIC_GERVAIS
Celtas Cortos,CELTAS_CORTOS
Central Line,CENTRAL_LINE
Cesare Cremonini,CESARE_CREMONINI
Chad Vangaalen,CHAD_VANGAALEN
Chaka Khan,CHAKA_KHAN
Chantal Kreviazuk,CHANTAL_KREVIAZUK
Chantay's,CHANTAY_S
Charley Pride,CHARLEY_PRIDE
Charlie Byrd,CHARLIE_BYRD
Charlie McCoy,CHARLIE_MCCOY
Charlie Rich,CHARLIE_RICH
Charlotte Church,CHARLOTTE_CHURCH
Charly García,CHARLY_GARCIA
Chayanne,CHAYANNE
Cheap Trick,CHEAP_TRICK
Chely Wright,CHELY_WRIGHT
Cher,CHER
Chi-Lites,CHI_LITES
Chic,CHIC
Chicago,CHICAGO
Chicane,CHICANE
Chicane vs. Natasha Bedingfield,CHICANE_VS_NATASHA_BEDINGFIELD
Chick Corea,CHICK_COREA
Chick Corea Akoustic Band,CHICK_COREA_AKOUSTIC_BAND
Chick Corea Elektric Band,CHICK_COREA_ELEKTRIC_BAND
Children Of Bodom,CHILDREN_OF_BODOM
Chip Taylor_ Carrie Rodriguez,CHIP_TAYLOR_CARRIE_RODRIGUEZ
Chris Botti,CHRIS_BOTTI
Chris Brown featuring Lil Wayne & Swizz Beatz,CHRIS_BROWN_FEATURING_LIL_WAYNE_SWIZZ_BEATZ
Chris De Burgh,CHRIS_DE_BURGH
Chris Isaak,CHRIS_ISAAK
Chris Rea,CHRIS_REA
Chris Young,CHRIS_YOUNG
Christie,CHRISTIE
Christina Aguilera,CHRISTINA_AGUILERA
Christina Aguilera Featuring Redman,CHRISTINA_AGUILERA_FEATURING_REDMAN
Christina Milian,CHRISTINA_MILIAN
Christina Y Los Subterraneos,CHRISTINA_Y_LOS_SUBTERRANEOS
Christopher Walla,CHRISTOPHER_WALLA
Chuck Wicks,CHUCK_WICKS
Chumbawamba,CHUMBAWAMBA
Cimarons,CIMARONS
Cinnamon Chasers,CINNAMON_CHASERS
Clannad,CLANNAD
Clarence Carter,CLARENCE_CARTER
Classics IV featuring Dennis Yost,CLASSICS_IV_FEATURING_DENNIS_YOST
Claude Vonstroke,CLAUDE_VONSTROKE
Clawfinger,CLAWFINGER
Cledus T. Judd,CLEDUS_T_JUDD
Cliff Richard,CLIFF_RICHARD
Clifford Brown / Max Roach,CLIFFORD_BROWN_MAX_ROACH
Climax,CLIMAX
Clint Black,CLINT_BLACK
Clint Black with Lisa Hartman Black,CLINT_BLACK_WITH_LISA_HARTMAN_BLACK
Cloud Cult,CLOUD_CULT
Clouseau,CLOUSEAU
Clout,CLOUT
Cluster & Eno,CLUSTER_ENO
CoCo Lee,COCO_LEE
Cocoa Tea,COCOA_TEA
Code 64,CODE_64
Coheed and Cambria,COHEED_AND_CAMBRIA
Colbie Caillat,COLBIE_CAILLAT
Colby O'Donis,COLBY_O_DONIS
Coldplay,COLDPLAY
Colin James,COLIN_JAMES
Collective Soul,COLLECTIVE_SOUL
Collin Raye,COLLIN_RAYE
Colonel Abrams,COLONEL_ABRAMS
Commodores,COMMODORES
Connie Francis,CONNIE_FRANCIS
Conway Twitty,CONWAY_TWITTY
Coralie Clément,CORALIE_CLEMENT
Cornelius Brothers & Sister Rose,CORNELIUS_BROTHERS_SISTER_ROSE
Corona,CORONA
Cosmic Gate,COSMIC_GATE
Count Basie,COUNT_BASIE
Counterstrike,COUNTERSTRIKE
Counting Crows,COUNTING_CROWS
Country Gentlemen,COUNTRY_GENTLEMEN
Covenant,COVENANT
Cracker,CRACKER
Cradle Of Filth,CRADLE_OF_FILTH
Craig David,CRAIG_DAVID
Crash Parallel,CRASH_PARALLEL
Crash Test Dummies,CRASH_TEST_DUMMIES
Cream,CREAM
Creed,CREED
Creedence Clearwater Revisited,CREEDENCE_CLEARWATER_REVISITED
Creedence Clearwater Revival,CREEDENCE_CLEARWATER_REVIVAL
Crests,CRESTS
Crosby & Nash,CROSBY_NASH
Crosby_ Stills & Nash,CROSBY_STILLS_NASH
Crosby_ Stills_ Nash & Young,CROSBY_STILLS_NASH_YOUNG
Crosby_ Stills_ Nash and Young,CROSBY_STILLS_NASH_AND_YOUNG
Cross Canadian Ragweed,CROSS_CANADIAN_RAGWEED
Crowded House,CROWDED_HOUSE
Crystal Castles,CRYSTAL_CASTLES
Crystal Gayle,CRYSTAL_GAYLE
Crystal Waters,CRYSTAL_WATERS
Culture Beat,CULTURE_BEAT
Culture Club,CULTURE_CLUB
Culture Kultür,CULTURE_KULTUR
Cursive,CURSIVE
Curtis Mayfield,CURTIS_MAYFIELD
Curtis Stigers,CURTIS_STIGERS
Cutting Crew,CUTTING_CREW
Cygnus X,CYGNUS_X
Cyndi Lauper,CYNDI_LAUPER
Cypress Hill,CYPRESS_HILL
Céline Dion,CELINE_DION
Cómplices,COMPLICES
D-12,D_12
D-Train,D_TRAIN
D1,D1
DAVE MATTHEWS BAND,DAVE_MATTHEWS_BAND
DC Talk,DC_TALK
DJ Aligator,DJ_ALIGATOR
DJ Aligator Project,DJ_ALIGATOR_PROJECT
DJ Bobo,DJ_BOBO
DJ Eco,DJ_ECO
DJ Jeroenski,DJ_JEROENSKI
DJ Machine@Wallringtunnel,DJ_MACHINE_WALLRINGTUNNEL
DJ Muggs / Sick Jacken,DJ_MUGGS_SICK_JACKEN
DJ Sammy & Yanou Feat. Do,DJ_SAMMY_YANOU_FEAT_DO
DJ Shadow,DJ_SHADOW
DJ Wout,DJ_WOUT
DJ Yoda,DJ_YODA
DMX,DMX
DR HOOK & THE MEDICINE SHOW,DR_HOOK_THE_MEDICINE_SHOW
Daddy Mory,DADDY_MORY
Daddy X,DADDY_X
Daddy Yankee,DADDY_YANKEE
Daft Punk,DAFT_PUNK
Daleka Obala,DALEKA_OBALA
Damien Rice,DAMIEN_RICE
Dan Fogelberg,DAN_FOGELBERG
Dan Hartman,DAN_HARTMAN
Dan Siegel,DAN_SIEGEL
Dan Stone,DAN_STONE
Daniel Balavoine,DANIEL_BALAVOINE
Daniel Bedingfield,DANIEL_BEDINGFIELD
Daniel Lanois,DANIEL_LANOIS
Daniel Lavoie,DANIEL_LAVOIE
Daniel Powter,DANIEL_POWTER
Daniel Wanrooy,DANIEL_WANROOY
Danni Carlos,DANNI_CARLOS
Dannii Minogue,DANNII_MINOGUE
Dany Brillant,DANY_BRILLANT
Darden Smith,DARDEN_SMITH
Dare,DARE
Darin,DARIN
Dario G,DARIO_G
Dario G.,DARIO_G
Darius Rucker,DARIUS_RUCKER
Dark Sanctuary,DARK_SANCTUARY
Dark Tranquillity,DARK_TRANQUILLITY
Darlene Love,DARLENE_LOVE
Darren Hayes,DARREN_HAYES
Darryl Worley,DARRYL_WORLEY
Darude,DARUDE
Daryl Hall & John Oates,DARYL_HALL_JOHN_OATES
Daryle Singletary,DARYLE_SINGLETARY
Das Glow,DAS_GLOW
Dash Berlin,DASH_BERLIN
Dave 202,DAVE_202
Dave Berry,DAVE_BERRY
Dave Brubeck,DAVE_BRUBECK
Dave Edmunds,DAVE_EDMUNDS
Dave Gahan,DAVE_GAHAN
Dave Grusin,DAVE_GRUSIN
Dave Mason,DAVE_MASON
Dave McCullen,DAVE_MCCULLEN
David Allan Coe,DAVID_ALLAN_COE
David Archuleta,DAVID_ARCHULETA
David Arkenstone,DAVID_ARKENSTONE
David Benoit,DAVID_BENOIT
David Benoit & Russ Freeman,DAVID_BENOIT_RUSS_FREEMAN
David Bisbal,DAVID_BISBAL
David Bowie,DAVID_BOWIE
David Cassidy,DAVID_CASSIDY
David Cassidy & The Partridge Family,DAVID_CASSIDY_THE_PARTRIDGE_FAMILY
David Cook,DAVID_COOK
David Gilmour,DAVID_GILMOUR
David Gray,DAVID_GRAY
David Jordan,DAVID_JORDAN
David Lanz,DAVID_LANZ
David Lee Roth,DAVID_LEE_ROTH
David Usher,DAVID_USHER
Dax Riggs,DAX_RIGGS
De Kreuners,DE_KREUNERS
De La Soul / Common,DE_LA_SOUL_COMMON
De Mens,DE_MENS
Deadmau5,DEADMAU5
Deadmau5 & Kaskade,DEADMAU5_KASKADE
Deana Carter,DEANA_CARTER
Death Cab for Cutie,DEATH_CAB_FOR_CUTIE
Debby Boone,DEBBY_BOONE
Declan Galbraith,DECLAN_GALBRAITH
Decoded Feedback,DECODED_FEEDBACK
Dee Robert,DEE_ROBERT
Deep Blue Something,DEEP_BLUE_SOMETHING
Deep Dish,DEEP_DISH
Deep Purple,DEEP_PURPLE
Def Squad,DEF_SQUAD
Del Shannon,DEL_SHANNON
Delays,DELAYS
Delroy Wilson,DELROY_WILSON
Delta Goodrem,DELTA_GOODREM
Demi Lovato,DEMI_LOVATO
Demis Roussos,DEMIS_ROUSSOS
Demon Hunter,DEMON_HUNTER
Den Harrow,DEN_HARROW
Dennis Edwards / Siedah Garrett,DENNIS_EDWARDS_SIEDAH_GARRETT
Dennis Sheperd,DENNIS_SHEPERD
Depeche Mode,DEPECHE_MODE
Derek & The Dominos,DEREK_THE_DOMINOS
Derek Howell,DEREK_HOWELL
Derrick Morgan,DERRICK_MORGAN
Despistaos,DESPISTAOS
Destiny's Child,DESTINY_S_CHILD
Devics,DEVICS
Devin Townsend,DEVIN_TOWNSEND
Devo,DEVO
Dexy's Midnight Runners,DEXY_S_MIDNIGHT_RUNNERS
Dhany,DHANY
Di Leva,DI_LEVA
Diamond Rio,DIAMOND_RIO
Diana King,DIANA_KING
Diana Krall,DIANA_KRALL
Diana Ross,DIANA_ROSS
Diana Ross & The Supremes,DIANA_ROSS_THE_SUPREMES
Diana Vickers,DIANA_VICKERS
Dick And Dee Dee,DICK_AND_DEE_DEE
Dick Hyman,DICK_HYMAN
Dido,DIDO
Die Prinzen,DIE_PRINZEN
Die Roten Rosen,DIE_ROTEN_ROSEN
Die Toten Hosen,DIE_TOTEN_HOSEN
Diego Torres,DIEGO_TORRES
Digitalism,DIGITALISM
Dilute,DILUTE
Dinah Washington,DINAH_WASHINGTON
Dinosaur Jr.,DINOSAUR_JR
Dionne Warwick,DIONNE_WARWICK
Dire Straits,DIRE_STRAITS
Dirtball,DIRTBALL
Dirty on Purpose,DIRTY_ON_PURPOSE
Divine Inspiration,DIVINE_INSPIRATION
Divinyls,DIVINYLS
Dixie Chicks,DIXIE_CHICKS
Djam Karet,DJAM_KARET
Dobie Gray,DOBIE_GRAY
Doc Watson,DOC_WATSON
Dokken,DOKKEN
Dolly Parton,DOLLY_PARTON
Dolly Parton & Kenny Rogers,DOLLY_PARTON_KENNY_ROGERS
Dolly Parton and Vince Gill,DOLLY_PARTON_AND_VINCE_GILL
Dolly Parton duet with Ricky Van Shelton,DOLLY_PARTON_DUET_WITH_RICKY_VAN_SHELTON
Dolly Parton with David Foster,DOLLY_PARTON_WITH_DAVID_FOSTER
Dolores Keane,DOLORES_KEANE
Dominik Eulberg,DOMINIK_EULBERG
Don Fardon,DON_FARDON
Don Omar,DON_OMAR
Don Williams,DON_WILLIAMS
Donell Jones,DONELL_JONES
Donna Fargo,DONNA_FARGO
Donna Lewis,DONNA_LEWIS
Donna Summer,DONNA_SUMMER
Donna The Buffalo,DONNA_THE_BUFFALO
Donny Osmond,DONNY_OSMOND
Dottie West,DOTTIE_WEST
Double You,DOUBLE_YOU
Doug Stone,DOUG_STONE
Doug Supernaw,DOUG_SUPERNAW
Doves,DOVES
Dr. Alban,DR_ALBAN
Dr. Dre,DR_DRE
Dr. Hook,DR_HOOK
Dr. Hook & The Medicine Show,DR_HOOK_THE_MEDICINE_SHOW
Dr. Ring-Ding & The Senior Allstars,DR_RING_DING_THE_SENIOR_ALLSTARS
Dragonforce,DRAGONFORCE
Dramarama,DRAMARAMA
Dreadzone,DREADZONE
Dream Dance Alliance,DREAM_DANCE_ALLIANCE
Dream Theater,DREAM_THEATER
Dream Warriors,DREAM_WARRIORS
Dressy Bessy,DRESSY_BESSY
Dru Hill,DRU_HILL
Dschinghis Khan,DSCHINGHIS_KHAN
Dub Pistols,DUB_PISTOLS
Dubfire,DUBFIRE
Dubnoodles,DUBNOODLES
Dumdum Boys,DUMDUM_BOYS
Duncan Dhu,DUNCAN_DHU
Duran Duran,DURAN_DURAN
Dusty Springfield,DUSTY_SPRINGFIELD
Dwight Yoakam,DWIGHT_YOAKAM
Dynamite Boy,DYNAMITE_BOY
Dynamite Deluxe,DYNAMITE_DELUXE
Döf,DOF
E-Type,E_TYPE
E.C. Scott,E_C_SCOTT
Eagles,EAGLES
Eamon,EAMON
Earl Klugh,EARL_KLUGH
Earl Thomas Conley,EARL_THOMAS_CONLEY
Earlimart,EARLIMART
Earth_ Wind & Fire,EARTH_WIND_FIRE
East 17,EAST_17
Eastside Connection,EASTSIDE_CONNECTION
Easy Star All-Stars,EASY_STAR_ALL_STARS
Easybeats,EASYBEATS
Echo And The Bunnymen,ECHO_AND_THE_BUNNYMEN
Echobelly,ECHOBELLY
Ectomorph,ECTOMORPH
Ed Calle,ED_CALLE
Eddi Reader,EDDI_READER
Eddie Cochran,EDDIE_COCHRAN
Eddie Jones,EDDIE_JONES
Eddie Money,EDDIE_MONEY
Eddie Rabbitt,EDDIE_RABBITT
Eddy Arnold,EDDY_ARNOLD
Eddy Grant,EDDY_GRANT
Eddy Raven,EDDY_RAVEN
Edelweiss,EDELWEISS
Edie Brickell & New Bohemians,EDIE_BRICKELL_NEW_BOHEMIANS
Edison Lighthouse,EDISON_LIGHTHOUSE
Edith Piaf,EDITH_PIAF
Edwin McCain,EDWIN_MCCAIN
Edyta Gorniak,EDYTA_GORNIAK
Eels,EELS
Ekkehard Ehlers,EKKEHARD_EHLERS
El Presidente,EL_PRESIDENTE
El-P,EL_P
Electra,ELECTRA
Electric Light Orchestra,ELECTRIC_LIGHT_ORCHESTRA
Electronic,ELECTRONIC
Elek Bacsik,ELEK_BACSIK
Elf,ELF
Eli Young Band,ELI_YOUNG_BAND
Elio E Le Storie Tese,ELIO_E_LE_STORIE_TESE
Elisa,ELISA
Eliza Doolittle,ELIZA_DOOLITTLE
Ellen Allien,ELLEN_ALLIEN
Ellie Goulding,ELLIE_GOULDING
Elliot Minor,ELLIOT_MINOR
Elton John,ELTON_JOHN
Elton John / Kiki Dee,ELTON_JOHN_KIKI_DEE
Elvin Bishop,ELVIN_BISHOP
Elvira Nikolaisen,ELVIRA_NIKOLAISEN
Elvis Costello & The Attractions,ELVIS_COSTELLO_THE_ATTRACTIONS
Elvis Crespo,ELVIS_CRESPO
Elvis Presley,ELVIS_PRESLEY
Elvis Presley & The Jordanaires,ELVIS_PRESLEY_THE_JORDANAIRES
Emarosa,EMAROSA
Emerson_ Lake & Palmer,EMERSON_LAKE_PALMER
Emilia,EMILIA
Emilio,EMILIO
Eminem,EMINEM
Eminem / Dido,EMINEM_DIDO
Emma Bunton,EMMA_BUNTON
Emma Roberts,EMMA_ROBERTS
Emmylou Harris,EMMYLOU_HARRIS
Empire Of The Sun,EMPIRE_OF_THE_SUN
En Vogue,EN_VOGUE
EnMass,ENMASS
Enchant,ENCHANT
Engelbert Humperdinck,ENGELBERT_HUMPERDINCK
Engenheiros Do Hawaii,ENGENHEIROS_DO_HAWAII
Engineers,ENGINEERS
England Dan & John Ford Coley,ENGLAND_DAN_JOHN_FORD_COLEY
Enigma,ENIGMA
Enrique Iglesias,ENRIQUE_IGLESIAS
Ensiferum,ENSIFERUM
Envio,ENVIO
Enya,ENYA
Eoghan Quigg,EOGHAN_QUIGG
Epsilon Minus,EPSILON_MINUS
Era,ERA
Erasure,ERASURE
Eric Burdon,ERIC_BURDON
Eric Carmen,ERIC_CARMEN
Eric Clapton,ERIC_CLAPTON
Eric Marienthal,ERIC_MARIENTHAL
Eric Prydz,ERIC_PRYDZ
Erik Hassle,ERIK_HASSLE
Eros Ramazzotti,EROS_RAMAZZOTTI
Eros Ramazzotti & Anastacia,EROS_RAMAZZOTTI_ANASTACIA
Eskimo Joe,ESKIMO_JOE
Espen Lind,ESPEN_LIND
Estopa,ESTOPA
Etienne De Crécy,ETIENNE_DE_CRECY
Eubie Blake,EUBIE_BLAKE
Euge Groove,EUGE_GROOVE
Eugenio Finardi,EUGENIO_FINARDI
Europa 51,EUROPA_51
Europe,EUROPE
Eurythmics,EURYTHMICS
Eva Cassidy,EVA_CASSIDY
Eva Dahlgren,EVA_DAHLGREN
Evanescence,EVANESCENCE
Eve 6,EVE_6
Even As We Speak,EVEN_AS_WE_SPEAK
Everclear,EVERCLEAR
Everly Brothers,EVERLY_BROTHERS
Every Avenue,EVERY_AVENUE
Everything But The Girl,EVERYTHING_BUT_THE_GIRL
Exile,EXILE
Exposé,EXPOSE
Extrabreit,EXTRABREIT
Extreme,EXTREME
FM Attack,FM_ATTACK
FM Static,FM_STATIC
Fabolous,FABOLOUS
Fabrizio De Andrè,FABRIZIO_DE_ANDRE
Fad Gadget,FAD_GADGET
Fairlight Children,FAIRLIGHT_CHILDREN
Faith Hill,FAITH_HILL
Faith No More,FAITH_NO_MORE
Faithless,FAITHLESS
Faithless feat. Estelle,FAITHLESS_FEAT_ESTELLE
Falco,FALCO
Fall Out Boy,FALL_OUT_BOY
Falling Up,FALLING_UP
Falsalarma,FALSALARMA
Fangoria,FANGORIA
Far Corporation,FAR_CORPORATION
Faron Young,FARON_YOUNG
Fast Food Rockers,FAST_FOOD_ROCKERS
Fastbacks,FASTBACKS
Fat Joe,FAT_JOE
Fatal Bazooka,FATAL_BAZOOKA
Fats Waller,FATS_WALLER
Fattburger,FATTBURGER
Faultline,FAULTLINE
Fear Cult,FEAR_CULT
Fear Factory,FEAR_FACTORY
Fee,FEE
Feeder,FEEDER
Feel,FEEL
Felix Da Housecat,FELIX_DA_HOUSECAT
Femi Kuti,FEMI_KUTI
Ferd 'Jelly Roll' Morton,FERD_JELLY_ROLL_MORTON
Ferd (Jelly Roll) Morton,FERD_JELLY_ROLL_MORTON
Fergie,FERGIE
Ferlin Husky,FERLIN_HUSKY
Ferry Corsten,FERRY_CORSTEN
Ferry Corsten And Shelley Harland,FERRY_CORSTEN_AND_SHELLEY_HARLAND
Filippa Giordano,FILIPPA_GIORDANO
Filter,FILTER
Fine Young Cannibals,FINE_YOUNG_CANNIBALS
Finley Quaye;Beth Orton,FINLEY_QUAYE_BETH_ORTON
Finntroll,FINNTROLL
Fiordaliso,FIORDALISO
Fire,FIRE
Firefall,FIREFALL
Fireflight,FIREFLIGHT
First Class,FIRST_CLASS
Fischer-Z,FISCHER_Z
Fisher,FISHER
Five,FIVE
Flaco Jimenez With The West Side Horns,FLACO_JIMENEZ_WITH_THE_WEST_SIDE_HORNS
Flamin' Groovies,FLAMIN_GROOVIES
Fleetwood Mac,FLEETWOOD_MAC
Floetry,FLOETRY
Florent Pagny,FLORENT_PAGNY
Floyd Tillman,FLOYD_TILLMAN
Flunk,FLUNK
Foghat,FOGHAT
Foo Fighters,FOO_FIGHTERS
Foreigner,FOREIGNER
Fountains Of Wayne,FOUNTAINS_OF_WAYNE
Four Carry Nuts,FOUR_CARRY_NUTS
Four Tops,FOUR_TOPS
Fourplay,FOURPLAY
France Gall,FRANCE_GALL
Frank Boeijen Groep,FRANK_BOEIJEN_GROEP
Frank Martiniq,FRANK_MARTINIQ
Frank Sinatra,FRANK_SINATRA
Frankie Avalon,FRANKIE_AVALON
Frankie Lymon And The Teenagers,FRANKIE_LYMON_AND_THE_TEENAGERS
Frankie Valli,FRANKIE_VALLI
Frankie Valli & The Four Seasons,FRANKIE_VALLI_THE_FOUR_SEASONS
Franz Ferdinand,FRANZ_FERDINAND
François Feldman,FRANCOIS_FELDMAN
Freak Nasty,FREAK_NASTY
Freddie & The Dreamers,FREDDIE_THE_DREAMERS
Freddie Hubbard,FREDDIE_HUBBARD
Freddie Jackson,FREDDIE_JACKSON
Freddie Mercury,FREDDIE_MERCURY
Freddie Mercury And Montserrat Caballe,FREDDIE_MERCURY_AND_MONTSERRAT_CABALLE
Freddy Fender,FREDDY_FENDER
Free,FREE
Freestylers,FREESTYLERS
French Affair,FRENCH_AFFAIR
Frida,FRIDA
Frida Hyvonen,FRIDA_HYVONEN
Friendly Fires,FRIENDLY_FIRES
Frozen Plasma,FROZEN_PLASMA
Fuel,FUEL
Fugees,FUGEES
Fugu,FUGU
Fun Lovin' Criminals,FUN_LOVIN_CRIMINALS
Funky Lowlives,FUNKY_LOWLIVES
Further Seems Forever,FURTHER_SEEMS_FOREVER
Future Breeze,FUTURE_BREEZE
Future Loop Foundation,FUTURE_LOOP_FOUNDATION
Future Of Forestry,FUTURE_OF_FORESTRY
Future Prophecy,FUTURE_PROPHECY
Futureheads,FUTUREHEADS
Fyfe Dangerfield,FYFE_DANGERFIELD
G-Unit,G_UNIT
G.Q,G_Q
G4,G4
GRANDADDY,GRANDADDY
Gabriella Cilmi,GABRIELLA_CILMI
Gal Costa,GAL_COSTA
Gala,GALA
Galaxie 500,GALAXIE_500
Gallon Drunk,GALLON_DRUNK
Garbage,GARBAGE
Gareth Gates,GARETH_GATES
Garland Jeffreys,GARLAND_JEFFREYS
Garou,GAROU
Gary Allan,GARY_ALLAN
Gary Barlow,GARY_BARLOW
Gary Lewis & The Playboys,GARY_LEWIS_THE_PLAYBOYS
Gary Moore,GARY_MOORE
Gary Numan,GARY_NUMAN
Gary P. Nunn,GARY_P_NUNN
Gary Puckett & The Union Gap,GARY_PUCKETT_THE_UNION_GAP
Gary Wright,GARY_WRIGHT
Gasolin',GASOLIN
Gavin DeGraw,GAVIN_DEGRAW
Gavin Rossdale,GAVIN_ROSSDALE
Gazebo,GAZEBO
Geier Sturzflug,GEIER_STURZFLUG
Gene McDaniels,GENE_MCDANIELS
Gene Pitney,GENE_PITNEY
Gene Vincent,GENE_VINCENT
Gene Vincent & His Blue Caps,GENE_VINCENT_HIS_BLUE_CAPS
Generation X,GENERATION_X
Genesis,GENESIS
Gentle Touch,GENTLE_TOUCH
George Baker Selection,GEORGE_BAKER_SELECTION
George Benson,GEORGE_BENSON
George Ducas,GEORGE_DUCAS
George Harrison,GEORGE_HARRISON
George Jones,GEORGE_JONES
George Jones & Tammy Wynette,GEORGE_JONES_TAMMY_WYNETTE
George Jones / Tammy Wynette,GEORGE_JONES_TAMMY_WYNETTE
George Michael,GEORGE_MICHAEL
George Michael;Wham!,GEORGE_MICHAEL_WHAM
George Strait,GEORGE_STRAIT
George Winston,GEORGE_WINSTON
Georgia Satellites,GEORGIA_SATELLITES
Georgie Fame,GEORGIE_FAME
Gerald Albright,GERALD_ALBRIGHT
Gerard Lenorman,GERARD_LENORMAN
Geri Halliwell,GERI_HALLIWELL
Gerry & The Pacemakers,GERRY_THE_PACEMAKERS
Gerry Rafferty,GERRY_RAFFERTY
Get Well Soon,GET_WELL_SOON
Gianna Nannini,GIANNA_NANNINI
Gianni Morandi,GIANNI_MORANDI
Gigi D'agostino,GIGI_D_AGOSTINO
Gilbert O'Sullivan,GILBERT_O_SULLIVAN
Gilberto Santa Rosa,GILBERTO_SANTA_ROSA
Gin Blossoms,GIN_BLOSSOMS
Giorgia,GIORGIA
Giorgio Moroder,GIORGIO_MORODER
Gipsy Kings,GIPSY_KINGS
Girls Aloud,GIRLS_ALOUD
Giusy Ferreri,GIUSY_FERRERI
Glass Tiger,GLASS_TIGER
Glen Campbell,GLEN_CAMPBELL
Glenn Mercer,GLENN_MERCER
Glenn Miller,GLENN_MILLER
Glenn Morrison,GLENN_MORRISON
Glenn Yarbrough,GLENN_YARBROUGH
Gloria Estefan,GLORIA_ESTEFAN
Gloria Gaynor,GLORIA_GAYNOR
Go West,GO_WEST
Golden Earring,GOLDEN_EARRING
Golden Smog,GOLDEN_SMOG
Goldenscan,GOLDENSCAN
Goo Goo Dolls,GOO_GOO_DOLLS
Good Charlotte,GOOD_CHARLOTTE
Goombay Dance Band,GOOMBAY_DANCE_BAND
Goose,GOOSE
Gordon Lightfoot,GORDON_LIGHTFOOT
Gorillaz,GORILLAZ
Gotthard,GOTTHARD
Gouryella,GOURYELLA
Gov't Mule,GOV_T_MULE
Graaf,GRAAF
Grace Jones,GRACE_JONES
Graham Bonnet,GRAHAM_BONNET
Graham Colton,GRAHAM_COLTON
Graham Coxon,GRAHAM_COXON
Grand Archives,GRAND_ARCHIVES
Grand Funk Railroad,GRAND_FUNK_RAILROAD
Grand National,GRAND_NATIONAL
Grandmaster Flash,GRANDMASTER_FLASH
Grant McLennan,GRANT_MCLENNAN
Great White,GREAT_WHITE
Green Day,GREEN_DAY
Green Sun,GREEN_SUN
Greg Lake,GREG_LAKE
Greg Laswell,GREG_LASWELL
Gregg Allman,GREGG_ALLMAN
Gregor Samsa,GREGOR_SAMSA
Gregor Tresher,GREGOR_TRESHER
Gretchen Wilson,GRETCHEN_WILSON
Groove Armada,GROOVE_ARMADA
Groove Theory,GROOVE_THEORY
Grover Washington_ Jr. with Bill Withers,GROVER_WASHINGTON_JR_WITH_BILL_WITHERS
Grupo Mania,GRUPO_MANIA
Guano Apes,GUANO_APES
Guardner,GUARDNER
Gui Boratto,GUI_BORATTO
Guns N' Roses,GUNS_N_ROSES
Guru Josh,GURU_JOSH
Guus Meeuwis,GUUS_MEEUWIS
Guy Gerber,GUY_GERBER
Gwen McCrae,GWEN_MCCRAE
Gwen Stefani,GWEN_STEFANI
Gwen Stefani / Eve,GWEN_STEFANI_EVE
Gyptian,GYPTIAN
HA-ASH,HA_ASH
HAMMERFALL,HAMMERFALL
HANK WILLIAMS_ JR.,HANK_WILLIAMS_JR
HIM,HIM
Haak,HAAK
Hacienda,HACIENDA
Haddaway,HADDAWAY
Hadise,HADISE
Haggard,HAGGARD
Halford,HALFORD
Hallelujah the Hills,HALLELUJAH_THE_HILLS
Hamilton_ Joe Frank & Reynolds,HAMILTON_JOE_FRANK_REYNOLDS
Hangar 18,HANGAR_18
Hank Marvin,HANK_MARVIN
Hank Thompson,HANK_THOMPSON
Hannah Montana,HANNAH_MONTANA
Hannah Morris,HANNAH_MORRIS
Hanoi Rocks,HANOI_ROCKS
Hans Theessink,HANS_THEESSINK
Hanson,HANSON
Happy The Man,HAPPY_THE_MAN
Hardfloor,HARDFLOOR
Harold Budd,HAROLD_BUDD
Harold Faltermeyer;Steve Stevens,HAROLD_FALTERMEYER_STEVE_STEVENS
Harold Melvin & The Blue Notes,HAROLD_MELVIN_THE_BLUE_NOTES
Harry Connick_ Jr.,HARRY_CONNICK_JR
Harvey Danger,HARVEY_DANGER
Hatfield And The North,HATFIELD_AND_THE_NORTH
Hawkwind,HAWKWIND
Hayko Cepkin,HAYKO_CEPKIN
Hayley Westenra,HAYLEY_WESTENRA
Hazel O'Connor,HAZEL_O_CONNOR
Head East,HEAD_EAST
Heart,HEART
Heather Nova,HEATHER_NOVA
Heatwave,HEATWAVE
Heaven 17,HEAVEN_17
Heavenly,HEAVENLY
Hector Lavoe,HECTOR_LAVOE
Heidi Montag,HEIDI_MONTAG
Helen Reddy,HELEN_REDDY
Helena Paparizou,HELENA_PAPARIZOU
Hellbillies,HELLBILLIES
Helloween,HELLOWEEN
Helping Haiti,HELPING_HAITI
Henry Lee Summer,HENRY_LEE_SUMMER
Henson Cargill,HENSON_CARGILL
Hepcat,HEPCAT
Herb Alpert,HERB_ALPERT
Herb Alpert And The Tijuana Brass,HERB_ALPERT_AND_THE_TIJUANA_BRASS
Herbert Grönemeyer,HERBERT_GRONEMEYER
Herbie Hancock,HERBIE_HANCOCK
Herman Brood & His Wild Romance,HERMAN_BROOD_HIS_WILD_ROMANCE
Herman's Hermits,HERMAN_S_HERMITS
Hermans Hermits,HERMANS_HERMITS
Hilary Duff,HILARY_DUFF
Hilary Stagg,HILARY_STAGG
Hinder,HINDER
Hipsway,HIPSWAY
Hole,HOLE
Holly Valance,HOLLY_VALANCE
Holograf,HOLOGRAF
Hoobastank,HOOBASTANK
Hootie And The Blowfish,HOOTIE_AND_THE_BLOWFISH
Hooverphonic,HOOVERPHONIC
Hope Of The States,HOPE_OF_THE_STATES
Hot Chip,HOT_CHIP
Hot Chocolate,HOT_CHOCOLATE
Hothouse Flowers,HOTHOUSE_FLOWERS
Howard Jones,HOWARD_JONES
Howie Day,HOWIE_DAY
Hues Corporation,HUES_CORPORATION
Huey Lewis & The News,HUEY_LEWIS_THE_NEWS
Huey Lewis And The News,HUEY_LEWIS_AND_THE_NEWS
Hug,HUG
Hunters & Collectors,HUNTERS_COLLECTORS
Hydroid,HYDROID
Håkan Hellström,HAKAN_HELLSTROM
Héroes del Silencio,HEROES_DEL_SILENCIO
I Was A Cub Scout,I_WAS_A_CUB_SCOUT
I'm From Barcelona,I_M_FROM_BARCELONA
IAMX,IAMX
IXI,IXI
Iain Archer,IAIN_ARCHER
Ian Gillan,IAN_GILLAN
Ian McCulloch,IAN_MCCULLOCH
Ice Mc,ICE_MC
Ich + Ich,ICH_ICH
Icon Of Coil,ICON_OF_COIL
Ides Of March,IDES_OF_MARCH
Idlewild,IDLEWILD
Iggy Pop,IGGY_POP
Il Divo,IL_DIVO
Illumination Vs. Ultravoice,ILLUMINATION_VS_ULTRAVOICE
Illya Kuryaki And The Valderramas,ILLYA_KURYAKI_AND_THE_VALDERRAMAS
Imagination,IMAGINATION
In Extremo,IN_EXTREMO
In Flames,IN_FLAMES
In This Moment,IN_THIS_MOMENT
In-Grid,IN_GRID
Ina Müller,INA_MULLER
Incubus,INCUBUS
Index ID,INDEX_ID
Indochine,INDOCHINE
Indras,INDRAS
Inertia,INERTIA
Infected Mushroom,INFECTED_MUSHROOM
Ini Kamoze,INI_KAMOZE
Inner City,INNER_CITY
Institute,INSTITUTE
Irene Cara,IRENE_CARA
Irene Grandi,IRENE_GRANDI
Iron Butterfly,IRON_BUTTERFLY
Iron Maiden,IRON_MAIDEN
Isaac Hayes,ISAAC_HAYES
Isao Tomita,ISAO_TOMITA
Ismaël Lo,ISMAEL_LO
Ismaël Lô,ISMAEL_LO
Ismo Alanko Säätiö,ISMO_ALANKO_SAATIO
Iva Zanicchi,IVA_ZANICCHI
Ivete Sangalo / Alejandro Sanz,IVETE_SANGALO_ALEJANDRO_SANZ
Iyaz,IYAZ
J. Geils Band,J_GEILS_BAND
J.J. Fad,J_J_FAD
JET,JET
Jaci Velasquez,JACI_VELASQUEZ
Jack Greene,JACK_GREENE
Jack Ingram,JACK_INGRAM
Jack Johnson,JACK_JOHNSON
Jackson Browne,JACKSON_BROWNE
Jacques Dutronc,JACQUES_DUTRONC
Jaheim,JAHEIM
Jakalope,JAKALOPE
Jake the Flake,JAKE_THE_FLAKE
Jamelia,JAMELIA
James,JAMES
James & Bobby Purify,JAMES_BOBBY_PURIFY
James Blunt,JAMES_BLUNT
James Brown,JAMES_BROWN
James Ingram,JAMES_INGRAM
James McMurtry,JAMES_MCMURTRY
James Morrison,JAMES_MORRISON
James Morrison / Nelly Furtado,JAMES_MORRISON_NELLY_FURTADO
James P. Johnson,JAMES_P_JOHNSON
James Taylor,JAMES_TAYLOR
Jamie Richards,JAMIE_RICHARDS
Jan & Dean,JAN_DEAN
Jan Hammer,JAN_HAMMER
Jan Leyers,JAN_LEYERS
Jana Kirschner,JANA_KIRSCHNER
Jane Monheit,JANE_MONHEIT
Janet Jackson,JANET_JACKSON
Janis Ian,JANIS_IAN
Janus,JANUS
Japan,JAPAN
Jars Of Clay,JARS_OF_CLAY
Jason Donovan,JASON_DONOVAN
Jason Michael Carroll,JASON_MICHAEL_CARROLL
Jason Mraz,JASON_MRAZ
Jawoll,JAWOLL
Jay & The Americans,JAY_THE_AMERICANS
JayMay,JAYMAY
Jazmine Sullivan,JAZMINE_SULLIVAN
Jean Michel Jarre,JEAN_MICHEL_JARRE
Jean Shepard,JEAN_SHEPARD
Jean-Jacques Goldman,JEAN_JACQUES_GOLDMAN
Jeanne Pruett,JEANNE_PRUETT
Jeff Beck,JEFF_BECK
Jeff Golub / Steve Perry,JEFF_GOLUB_STEVE_PERRY
Jefferson Starship,JEFFERSON_STARSHIP
Jelly Roll Morton,JELLY_ROLL_MORTON
Jellyfish,JELLYFISH
Jem,JEM
Jennifer Brown,JENNIFER_BROWN
Jennifer Holliday,JENNIFER_HOLLIDAY
Jennifer Lopez,JENNIFER_LOPEZ
Jennifer Love Hewitt,JENNIFER_LOVE_HEWITT
Jennifer Warnes,JENNIFER_WARNES
Jeremih,JEREMIH
Jermaine Dupri featuring Ludacris,JERMAINE_DUPRI_FEATURING_LUDACRIS
Jermaine Jackson,JERMAINE_JACKSON
Jerry Jeff Walker,JERRY_JEFF_WALKER
Jessica Simpson,JESSICA_SIMPSON
Jessy J,JESSY_J
Jet Black Stare,JET_BLACK_STARE
Jewel,JEWEL
Jim Reeves,JIM_REEVES
Jim Steinman,JIM_STEINMAN
Jim Sturgess,JIM_STURGESS
Jimi Hendrix Experience,JIMI_HENDRIX_EXPERIENCE
Jimmie's Chicken Shack,JIMMIE_S_CHICKEN_SHACK
Jimmy Barnes,JIMMY_BARNES
Jimmy Buffett,JIMMY_BUFFETT
Jimmy Cliff,JIMMY_CLIFF
Jimmy Eat World,JIMMY_EAT_WORLD
Jimmy Ruffin,JIMMY_RUFFIN
JoJo,JOJO
Joachim Witt,JOACHIM_WITT
Joan Armatrading,JOAN_ARMATRADING
Joan Baez,JOAN_BAEZ
Joan Baez_ Mary Chapin Carpenter,JOAN_BAEZ_MARY_CHAPIN_CARPENTER
Joan Jett & The Blackhearts,JOAN_JETT_THE_BLACKHEARTS
Joan Osborne,JOAN_OSBORNE
Joaquin Phoenix,JOAQUIN_PHOENIX
Joaquin Sabina Y Viceversa,JOAQUIN_SABINA_Y_VICEVERSA
Jochen Miller,JOCHEN_MILLER
Joe,JOE
Joe Bonamassa,JOE_BONAMASSA
Joe Cocker,JOE_COCKER
Joe Cocker & Jennifer Warnes,JOE_COCKER_JENNIFER_WARNES
Joe Dassin,JOE_DASSIN
Joe Diffie,JOE_DIFFIE
Joe Dolan,JOE_DOLAN
Joe Dolce,JOE_DOLCE
Joe Nichols,JOE_NICHOLS
Joe Satriani,JOE_SATRIANI
Joe Walsh,JOE_WALSH
Joey Sommerville,JOEY_SOMMERVILLE
John & Yoko And The Plastic Ono Band With The Harlem Community Choir,JOHN_YOKO_AND_THE_PLASTIC_ONO_BAND_WITH_THE_HARLEM_COMMUNITY_CHOIR
John Anderson,JOHN_ANDERSON
John Berry,JOHN_BERRY
John Denver,JOHN_DENVER
John Fogerty,JOHN_FOGERTY
John Lee Hooker,JOHN_LEE_HOOKER
John Legend,JOHN_LEGEND
John Lennon,JOHN_LENNON
John Mayall,JOHN_MAYALL
John Mayall & The Bluesbreakers,JOHN_MAYALL_THE_BLUESBREAKERS
John Mayer,JOHN_MAYER
John Mellencamp,JOHN_MELLENCAMP
John Michael Montgomery,JOHN_MICHAEL_MONTGOMERY
John O'Callaghan,JOHN_O_CALLAGHAN
John Parr,JOHN_PARR
John Renbourn,JOHN_RENBOURN
John Travolta,JOHN_TRAVOLTA
John Waite,JOHN_WAITE
Johnny Bush,JOHNNY_BUSH
Johnny Carver,JOHNNY_CARVER
Johnny Cash,JOHNNY_CASH
Johnny Copeland,JOHNNY_COPELAND
Johnny Gill,JOHNNY_GILL
Johnny Hallyday,JOHNNY_HALLYDAY
Johnny Lee,JOHNNY_LEE
Johnny Mathis,JOHNNY_MATHIS
Johnny Nash,JOHNNY_NASH
Johnny Osbourne,JOHNNY_OSBOURNE
Johnny Paycheck,JOHNNY_PAYCHECK
Johnny Tillotson,JOHNNY_TILLOTSON
Jolie Holland,JOLIE_HOLLAND
Jon & Vangelis,JON_VANGELIS
Jon Faddis,JON_FADDIS
Jon O'Bir,JON_O_BIR
Jon Secada,JON_SECADA
Jonah33,JONAH33
Jonas Brothers,JONAS_BROTHERS
Jordin Sparks,JORDIN_SPARKS
Jorn,JORN
Jose Luis Perales,JOSE_LUIS_PERALES
Josh Groban,JOSH_GROBAN
Josh Turner,JOSH_TURNER
Joshua Kadison,JOSHUA_KADISON
Joshua Rifkin,JOSHUA_RIFKIN
Joss Stone,JOSS_STONE
Joss Stone featuring Jamie Hartman,JOSS_STONE_FEATURING_JAMIE_HARTMAN
José Carreras And Sarah Brightman,JOSE_CARRERAS_AND_SARAH_BRIGHTMAN
José Galisteo,JOSE_GALISTEO
Journey,JOURNEY
Jovanotti,JOVANOTTI
Joy Lynn White,JOY_LYNN_WHITE
Jr. Walker & The All Stars,JR_WALKER_THE_ALL_STARS
Juanes,JUANES
Juanes / Nelly Furtado,JUANES_NELLY_FURTADO
Judas Priest,JUDAS_PRIEST
Judge Jules,JUDGE_JULES
Judy Collins,JUDY_COLLINS
Judy Garland,JUDY_GARLAND
Judy Kuhn,JUDY_KUHN
Juice Newton,JUICE_NEWTON
Julio Iglesias,JULIO_IGLESIAS
Just Jack,JUST_JACK
Justice,JUSTICE
Justice Vs Simian,JUSTICE_VS_SIMIAN
Justin Bieber,JUSTIN_BIEBER
Justin Hayward,JUSTIN_HAYWARD
Justin Rutledge,JUSTIN_RUTLEDGE
Justin Timberlake,JUSTIN_TIMBERLAKE
K.T. Oslin,K_T_OSLIN
KC & The Sunshine Band,KC_THE_SUNSHINE_BAND
KC And The Sunshine Band,KC_AND_THE_SUNSHINE_BAND
KDD,KDD
KRIS KRISTOFFERSON & RITA COOLIDGE,KRIS_KRISTOFFERSON_RITA_COOLIDGE
KT Tunstall,KT_TUNSTALL
Kai Winding,KAI_WINDING
Kaipa,KAIPA
Kaiser Chiefs,KAISER_CHIEFS
Kamaya Painters,KAMAYA_PAINTERS
Kamil Polner,KAMIL_POLNER
Kamui,KAMUI
Kansas,KANSAS
Karat,KARAT
Karl Wolf,KARL_WOLF
Karla Bonoff,KARLA_BONOFF
Karunesh,KARUNESH
Kasey Chambers,KASEY_CHAMBERS
Kasper Bjørke,KASPER_BJRKE
Kate Bush,KATE_BUSH
Kate Ryan,KATE_RYAN
Kate Winslet,KATE_WINSLET
Katherine Jenkins,KATHERINE_JENKINS
Katie Melua,KATIE_MELUA
Katri Ylander,KATRI_YLANDER
Katy Perry,KATY_PERRY
Ke$ha,KE_HA
Keane,KEANE
Keb' Mo',KEB_MO
Keith Anderson,KEITH_ANDERSON
Keith Emerson,KEITH_EMERSON
Keith Whitley,KEITH_WHITLEY
Kelis,KELIS
Kellie Coffey,KELLIE_COFFEY
Kellie Pickler,KELLIE_PICKLER
Kelly Clarkson,KELLY_CLARKSON
"Kenny ""Babyface"" Edmonds",KENNY_BABYFACE_EDMONDS
Kenny Chesney,KENNY_CHESNEY
Kenny G,KENNY_G
Kenny G with Toni Braxton,KENNY_G_WITH_TONI_BRAXTON
Kenny Loggins,KENNY_LOGGINS
Kenny Rogers,KENNY_ROGERS
Kenny Rogers & Kim Carnes,KENNY_ROGERS_KIM_CARNES
Kenny Rogers & The First Edition,KENNY_ROGERS_THE_FIRST_EDITION
Kenny Rogers And Dottie West,KENNY_ROGERS_AND_DOTTIE_WEST
Kenny Rogers And The First Edition,KENNY_ROGERS_AND_THE_FIRST_EDITION
Kery James,KERY_JAMES
Kevin Lyttle,KEVIN_LYTTLE
Kevin Toney,KEVIN_TONEY
Kid Loco,KID_LOCO
Kid Rock,KID_ROCK
Kim Appleby,KIM_APPLEBY
Kim Carnes,KIM_CARNES
Kim Richey,KIM_RICHEY
Kim Weston,KIM_WESTON
King Diamond,KING_DIAMOND
Kingdom Come,KINGDOM_COME
Kingmaker,KINGMAKER
Kings Of Leon,KINGS_OF_LEON
Kip Winger,KIP_WINGER
Kirsty MacColl,KIRSTY_MACCOLL
Kiss,KISS
Kitaro,KITARO
Klaatu,KLAATU
Klaus Lage,KLAUS_LAGE
Klee,KLEE
Kleenex Girl Wonder,KLEENEX_GIRL_WONDER
Klimt 1918,KLIMT_1918
Komet,KOMET
Kool & The Gang,KOOL_THE_GANG
Koop,KOOP
Korn,KORN
Kosheen,KOSHEEN
Kraftwerk,KRAFTWERK
Kreidler,KREIDLER
Kris Kristofferson,KRIS_KRISTOFFERSON
Kristin Chenoweth,KRISTIN_CHENOWETH
Kristin Hersh,KRISTIN_HERSH
Kroke,KROKE
Krokus,KROKUS
Kurt Nilsen,KURT_NILSEN
Kurtis Blow,KURTIS_BLOW
Kyau & Albert,KYAU_ALBERT
Kylie Minogue,KYLIE_MINOGUE
Kyu Sakamoto,KYU_SAKAMOTO
L.A. Guns,L_A_GUNS
L7,L7
LCD Soundsystem,LCD_SOUNDSYSTEM
LITTLE TEXAS,LITTLE_TEXAS
LL Cool J,LL_COOL_J
LU,LU
La Bouche,LA_BOUCHE
La Cabra Mecanica,LA_CABRA_MECANICA
La Fouine,LA_FOUINE
La Ley,LA_LEY
La Oreja de Van Gogh,LA_OREJA_DE_VAN_GOGH
La Unión,LA_UNION
LaFee,LAFEE
Labi Siffre,LABI_SIFFRE
Lacuna Coil,LACUNA_COIL
Lady GaGa,LADY_GAGA
Lady GaGa / Colby O'Donis,LADY_GAGA_COLBY_O_DONIS
Ladyhawk,LADYHAWK
Ladytron,LADYTRON
Laid Back,LAID_BACK
Laleh,LALEH
Lali Puna,LALI_PUNA
Lange,LANGE
Lara Fabian,LARA_FABIAN
Large Professor,LARGE_PROFESSOR
Lari White,LARI_WHITE
Larry Carlton,LARRY_CARLTON
Larry Coryell,LARRY_CORYELL
Larue,LARUE
Las Ketchup,LAS_KETCHUP
Lasgo,LASGO
Late Night Alumni,LATE_NIGHT_ALUMNI
Laura Branigan,LAURA_BRANIGAN
Laura Cantrell,LAURA_CANTRELL
Laura Pausini,LAURA_PAUSINI
Lauren Talbot,LAUREN_TALBOT
Laurent Voulzy,LAURENT_VOULZY
Lazard,LAZARD
Led Zeppelin,LED_ZEPPELIN
Lee Ann Womack,LEE_ANN_WOMACK
Lee Fields & The Expressions,LEE_FIELDS_THE_EXPRESSIONS
Lee Haslam,LEE_HASLAM
Lee Ritenour,LEE_RITENOUR
Lee Roy Parnell,LEE_ROY_PARNELL
Lee Ryan,LEE_RYAN
Leevi and the leavings,LEEVI_AND_THE_LEAVINGS
Leftfield,LEFTFIELD
Legião Urbana,LEGIAO_URBANA
Lemar,LEMAR
Lemon & Einar K.,LEMON_EINAR_K
Lemon D,LEMON_D
Lemongrass,LEMONGRASS
Lene Marlin,LENE_MARLIN
Leningrad Cowboys,LENINGRAD_COWBOYS
Lenny Kravitz,LENNY_KRAVITZ
Leon Jackson,LEON_JACKSON
Leona Lewis,LEONA_LEWIS
Leonard Cohen,LEONARD_COHEN
Leroy Holmes,LEROY_HOLMES
Les Breastfeeders,LES_BREASTFEEDERS
Les Innocents,LES_INNOCENTS
Let's Go Sailing,LET_S_GO_SAILING
Level 42,LEVEL_42
Liane Foly,LIANE_FOLY
Liberty X,LIBERTY_X
Lifehouse,LIFEHOUSE
Ligabue,LIGABUE
Lighthouse Family,LIGHTHOUSE_FAMILY
Lights of Euphoria,LIGHTS_OF_EUPHORIA
Lily Allen,LILY_ALLEN
Limp Bizkit,LIMP_BIZKIT
Lindsay Lohan,LINDSAY_LOHAN
Lindsey Buckingham,LINDSEY_BUCKINGHAM
Link Wray,LINK_WRAY
Linkin Park,LINKIN_PARK
Lionel Richie,LIONEL_RICHIE
Lipps Inc.,LIPPS_INC
Liquido,LIQUIDO
Lisa Loeb & Nine Stories,LISA_LOEB_NINE_STORIES
Lisa Lynne,LISA_LYNNE
Lisa Stansfield,LISA_STANSFIELD
Lit,LIT
Lita Ford,LITA_FORD
Litfiba,LITFIBA
Little Angels,LITTLE_ANGELS
Little Big Town,LITTLE_BIG_TOWN
Little River Band,LITTLE_RIVER_BAND
Livvi Franc,LIVVI_FRANC
Llorca,LLORCA
Local H,LOCAL_H
Locanda Delle Fate,LOCANDA_DELLE_FATE
Logistics,LOGISTICS
London MC,LONDON_MC
Londonbeat,LONDONBEAT
Lonestar,LONESTAR
Loose Ends,LOOSE_ENDS
Loquillo Y Los Trogloditas,LOQUILLO_Y_LOS_TROGLODITAS
Lords Of The New Church,LORDS_OF_THE_NEW_CHURCH
Loretta Lynn,LORETTA_LYNN
Lori Meyers,LORI_MEYERS
Lorie,LORIE
Lorrie Morgan,LORRIE_MORGAN
Los Amigos Invisibles,LOS_AMIGOS_INVISIBLES
Los Concorde,LOS_CONCORDE
Los Del Sol,LOS_DEL_SOL
Los Delinqüentes,LOS_DELINQUENTES
Los Fabulosos Cadillacs,LOS_FABULOSOS_CADILLACS
Los Rodriguez,LOS_RODRIGUEZ
Lost Witness,LOST_WITNESS
Lou Christie,LOU_CHRISTIE
Lou Rawls,LOU_RAWLS
Lou Reed,LOU_REED
Louis Armstrong with Kenny G,LOUIS_ARMSTRONG_WITH_KENNY_G
Louis St. Louis,LOUIS_ST_LOUIS
Love,LOVE
Love Is All,LOVE_IS_ALL
Loverboy,LOVERBOY
Lovex,LOVEX
Lovin' Spoonful,LOVIN_SPOONFUL
Low,LOW
Luca Carboni,LUCA_CARBONI
Luca Dirisio,LUCA_DIRISIO
Lucero,LUCERO
Lucie Silvas,LUCIE_SILVAS
Lucinda Williams,LUCINDA_WILLIAMS
Lucio Battisti,LUCIO_BATTISTI
Lucio Dalla,LUCIO_DALLA
Lucky Dube,LUCKY_DUBE
Luis Miguel,LUIS_MIGUEL
Luiz Melodia,LUIZ_MELODIA
Luke Doucet And The White Falcon,LUKE_DOUCET_AND_THE_WHITE_FALCON
Luna,LUNA
Lunapop,LUNAPOP
Lunik,LUNIK
Luniz,LUNIZ
Lusine,LUSINE
Lustral,LUSTRAL
Luther Vandross,LUTHER_VANDROSS
Lynn Anderson,LYNN_ANDERSON
Lynyrd Skynyrd,LYNYRD_SKYNYRD
Lyrics Born,LYRICS_BORN
M People,M_PEOPLE
M83,M83
MC Hammer,MC_HAMMER
MFSB,MFSB
MFSB featuring The Three Degrees,MFSB_FEATURING_THE_THREE_DEGREES
Mable John,MABLE_JOHN
Macy Gray,MACY_GRAY
Mad Season,MAD_SEASON
Madder Mortem,MADDER_MORTEM
Madness,MADNESS
Madonna,MADONNA
Mae,MAE
Magazin,MAGAZIN
Magic Affair,MAGIC_AFFAIR
Magnolia Electric Co.,MAGNOLIA_ELECTRIC_CO
Magnus Carlsson,MAGNUS_CARLSSON
Mahavishnu Orchestra,MAHAVISHNU_ORCHESTRA
Mahavishnu Orchestra;John McLaughlin,MAHAVISHNU_ORCHESTRA_JOHN_MCLAUGHLIN
Mala Rodriguez,MALA_RODRIGUEZ
Malene Mortensen,MALENE_MORTENSEN
Mama Cass,MAMA_CASS
Mamonas Assassinas,MAMONAS_ASSASSINAS
Mando Diao,MANDO_DIAO
Manfred Mann's Earth Band,MANFRED_MANN_S_EARTH_BAND
Manic Street Preachers,MANIC_STREET_PREACHERS
Mannheim Steamroller,MANNHEIM_STEAMROLLER
Manu Chao,MANU_CHAO
Maná,MANA
Marc Anthony,MARC_ANTHONY
Marc Bolan & T-Rex,MARC_BOLAN_T_REX
Marc Dorsey,MARC_DORSEY
Marc Et Claude,MARC_ET_CLAUDE
Marc Lavoine,MARC_LAVOINE
Marcel Woods,MARCEL_WOODS
Marco Masini,MARCO_MASINI
Marco V,MARCO_V
Marconi Union,MARCONI_UNION
Marcos Hernandez,MARCOS_HERNANDEZ
Marcus Schössow,MARCUS_SCHOSSOW
Maria Muldaur,MARIA_MULDAUR
Mariachi Vargas de Tecalitlan,MARIACHI_VARGAS_DE_TECALITLAN
Mariah Carey,MARIAH_CAREY
Mariah Carey feat. Boyz II Men,MARIAH_CAREY_FEAT_BOYZ_II_MEN
Mariah Carey featuring Westlife,MARIAH_CAREY_FEATURING_WESTLIFE
Marianne Rosenberg,MARIANNE_ROSENBERG
Marie Osmond,MARIE_OSMOND
Marillion,MARILLION
Marilyn Manson,MARILYN_MANSON
Marina And The Diamonds,MARINA_AND_THE_DIAMONDS
Mario,MARIO
Mario Vazquez,MARIO_VAZQUEZ
Mark Knopfler,MARK_KNOPFLER
Mark Knopfler & Chet Atkins,MARK_KNOPFLER_CHET_ATKINS
Mark Medlock,MARK_MEDLOCK
Mark Otten,MARK_OTTEN
Mark Wills,MARK_WILLS
Markus Schulz,MARKUS_SCHULZ
Marky Ramone,MARKY_RAMONE
Marmalade,MARMALADE
Maroon 5,MAROON_5
Martha & The Vandellas,MARTHA_THE_VANDELLAS
Martha Reeves,MARTHA_REEVES
Martha Reeves & The Vandellas,MARTHA_REEVES_THE_VANDELLAS
Martina McBride,MARTINA_MCBRIDE
Martine McCutcheon,MARTINE_MCCUTCHEON
Marty Casey & Lovehammers,MARTY_CASEY_LOVEHAMMERS
Marusha,MARUSHA
Marvin Gaye,MARVIN_GAYE
Mary Chapin Carpenter,MARY_CHAPIN_CARPENTER
Mary Gauthier,MARY_GAUTHIER
Mary Hopkin,MARY_HOPKIN
Mary J. Blige,MARY_J_BLIGE
Mary J. Blige / George Michael,MARY_J_BLIGE_GEORGE_MICHAEL
Mary Jane Girls,MARY_JANE_GIRLS
Mason Jennings,MASON_JENNINGS
Mason Williams,MASON_WILLIAMS
Massimo Di Cataldo,MASSIMO_DI_CATALDO
Master Blaster,MASTER_BLASTER
Matia Bazar,MATIA_BAZAR
Matt Bianco,MATT_BIANCO
Matt Pond PA,MATT_POND_PA
Matthew Jay,MATTHEW_JAY
Maura O'connell,MAURA_O_CONNELL
Mauro Picotto,MAURO_PICOTTO
Max Gazzè,MAX_GAZZE
Max Stalling,MAX_STALLING
Maxime Dangles,MAXIME_DANGLES
Maximilian Hecker,MAXIMILIAN_HECKER
Maylene And The Sons Of Disaster,MAYLENE_AND_THE_SONS_OF_DISASTER
Mazzy Star,MAZZY_STAR
McFly,MCFLY
Meat Beat Manifesto,MEAT_BEAT_MANIFESTO
Meat Loaf,MEAT_LOAF
Medina Azahara,MEDINA_AZAHARA
Medwyn Goodall,MEDWYN_GOODALL
Meg & Dia,MEG_DIA
Megadeth,MEGADETH
Mel & Kim,MEL_KIM
Melanie B,MELANIE_B
Melanie C,MELANIE_C
Melanie Fiona,MELANIE_FIONA
Melanie Thornton,MELANIE_THORNTON
Melendi,MELENDI
Melissa Auf der Maur,MELISSA_AUF_DER_MAUR
Melissa Etheridge,MELISSA_ETHERIDGE
Melodium,MELODIUM
Members Of Mayday,MEMBERS_OF_MAYDAY
Memphis Bleek,MEMPHIS_BLEEK
Men At Work,MEN_AT_WORK
Mercury Rev,MERCURY_REV
Mercyful Fate,MERCYFUL_FATE
Merle Haggard,MERLE_HAGGARD
Merle Haggard And The Strangers,MERLE_HAGGARD_AND_THE_STRANGERS
Meryl Streep,MERYL_STREEP
Metallica,METALLICA
Method Of Defiance,METHOD_OF_DEFIANCE
Mew,MEW
Mia Martini,MIA_MARTINI
Miami Sound Machine,MIAMI_SOUND_MACHINE
Michael Bolton,MICHAEL_BOLTON
Michael Brecker,MICHAEL_BRECKER
Michael Bublé,MICHAEL_BUBLE
Michael Jackson,MICHAEL_JACKSON
Michael Learns To Rock,MICHAEL_LEARNS_TO_ROCK
Michael Martin Murphey,MICHAEL_MARTIN_MURPHEY
Michael Penn,MICHAEL_PENN
Michel Fuentes,MICHEL_FUENTES
Michel Sardou,MICHEL_SARDOU
Michele Zarrillo,MICHELE_ZARRILLO
Michelle Featherstone,MICHELLE_FEATHERSTONE
Michelle Williams,MICHELLE_WILLIAMS
Mick Jagger,MICK_JAGGER
Mickey Gilley,MICKEY_GILLEY
Middle Of The Road,MIDDLE_OF_THE_ROAD
Midge Ure,MIDGE_URE
Midlake,MIDLAKE
Midnight Oil,MIDNIGHT_OIL
Mike And The Mechanics,MIKE_AND_THE_MECHANICS
Mike Leon Grosch,MIKE_LEON_GROSCH
Mike Oldfield,MIKE_OLDFIELD
Mike Stern,MIKE_STERN
Miki Howard,MIKI_HOWARD
Miles Davis,MILES_DAVIS
Miley Cyrus,MILEY_CYRUS
Milk Inc,MILK_INC
Milk Inc.,MILK_INC
Millencolin,MILLENCOLIN
Millie Jackson,MILLIE_JACKSON
Mindy McCready,MINDY_MCCREADY
Minilogue,MINILOGUE
Mink DeVille,MINK_DEVILLE
Mint Condition,MINT_CONDITION
Minus 8,MINUS_8
Miossec,MIOSSEC
Miracle Fortress,MIRACLE_FORTRESS
Miranda,MIRANDA
Miranda Lambert,MIRANDA_LAMBERT
Miss Kittin & The Hacker,MISS_KITTIN_THE_HACKER
Missy Elliott,MISSY_ELLIOTT
Mo-do,MO_DO
Mobb Deep featuring NOYD,MOBB_DEEP_FEATURING_NOYD
Moby,MOBY
Moby Grape,MOBY_GRAPE
Modern Mandolin Quartet,MODERN_MANDOLIN_QUARTET
Modern Romance,MODERN_ROMANCE
Modern Talking,MODERN_TALKING
Modeselektor,MODESELEKTOR
Modulate,MODULATE
Molemen & Myka 9,MOLEMEN_MYKA_9
Molly Hatchet,MOLLY_HATCHET
Molly Sandén,MOLLY_SANDEN
Moloko,MOLOKO
Molotov,MOLOTOV
Montrose,MONTROSE
Moodlex,MOODLEX
Moonbabies,MOONBABIES
Moonbootica,MOONBOOTICA
Moongarden,MOONGARDEN
Moonspell,MOONSPELL
Moose,MOOSE
Morcheeba,MORCHEEBA
Morgan Heritage,MORGAN_HERITAGE
Morgan Page,MORGAN_PAGE
Motorcycle,MOTORCYCLE
Mott The Hoople,MOTT_THE_HOOPLE
Mountain,MOUNTAIN
Mr. Big,MR_BIG
Mr. Mister,MR_MISTER
Mr. Pit,MR_PIT
Mr. President,MR_PRESIDENT
Mud Flow,MUD_FLOW
Mull Historical Society,MULL_HISTORICAL_SOCIETY
Murs,MURS
Muse,MUSE
Musetta,MUSETTA
Music from the World of Osho,MUSIC_FROM_THE_WORLD_OF_OSHO
Musiq,MUSIQ
MxPx,MXPX
My Chemical Romance,MY_CHEMICAL_ROMANCE
My Dying Bride,MY_DYING_BRIDE
Mya,MYA
Mya / Jadakiss,MYA_JADAKISS
Mylène Farmer,MYLENE_FARMER
Mystic Revealers,MYSTIC_REVEALERS
Mötley Crüe,MOTLEY_CRUE
Münchener Freiheit,MUNCHENER_FREIHEIT
N-Trance / Ricardo Force,N_TRANCE_RICARDO_FORCE
N.O.R.E.,N_O_R_E
NOFX,NOFX
Nada Surf,NADA_SURF
Najee,NAJEE
Nana,NANA
Nana Mouskouri,NANA_MOUSKOURI
Nancy Sinatra And Lee Hazlewood,NANCY_SINATRA_AND_LEE_HAZLEWOOD
Narada Michael Walden,NARADA_MICHAEL_WALDEN
Nas,NAS
Nat King Cole,NAT_KING_COLE
Natalia,NATALIA
Natalie Cole,NATALIE_COLE
Natalie Gauci,NATALIE_GAUCI
Natalie Imbruglia,NATALIE_IMBRUGLIA
Natasha St-Pier,NATASHA_ST_PIER
Nazareth,NAZARETH
Neal Schon,NEAL_SCHON
Nebula-H,NEBULA_H
Negative,NEGATIVE
Negrita,NEGRITA
Neil Diamond,NEIL_DIAMOND
Neil Sedaka,NEIL_SEDAKA
Neil Young,NEIL_YOUNG
Neil Young with The Stray Gators,NEIL_YOUNG_WITH_THE_STRAY_GATORS
Nek,NEK
Nekromantix,NEKROMANTIX
Nelly,NELLY
Nelly Furtado,NELLY_FURTADO
Nelson Rangell,NELSON_RANGELL
Nena,NENA
Nero,NERO
Nestor Torres,NESTOR_TORRES
Neutral Milk Hotel,NEUTRAL_MILK_HOTEL
New Kids On The Block,NEW_KIDS_ON_THE_BLOCK
New Order,NEW_ORDER
Niacin,NIACIN
Niccolò Fabi,NICCOLO_FABI
Nichole Nordeman,NICHOLE_NORDEMAN
Nick Heyward,NICK_HEYWARD
Nickel Creek,NICKEL_CREEK
Nickelback,NICKELBACK
Nicolette Larson,NICOLETTE_LARSON
Nightwish,NIGHTWISH
Nils Lofgren,NILS_LOFGREN
Nina Simone,NINA_SIMONE
Nine Inch Nails,NINE_INCH_NAILS
Nirvana,NIRVANA
Nitty Gritty Dirt Band,NITTY_GRITTY_DIRT_BAND
No Doubt,NO_DOUBT
No Mercy,NO_MERCY
No-Man,NO_MAN
Nocturnal Rites,NOCTURNAL_RITES
Norah Jones,NORAH_JONES
Norman Brown,NORMAN_BROWN
Norman Greenbaum,NORMAN_GREENBAUM
Norther,NORTHER
Nu Nrg,NU_NRG
O.A.R.,O_A_R
OMD,OMD
Oak Ridge Boys,OAK_RIDGE_BOYS
Oakenfold,OAKENFOLD
Oasis,OASIS
Ocean Colour Scene,OCEAN_COLOUR_SCENE
OceanLab,OCEANLAB
Ofra Haza,OFRA_HAZA
Ohio Express,OHIO_EXPRESS
Okay,OKAY
Okkervil River,OKKERVIL_RIVER
Ol' Dirty Bastard,OL_DIRTY_BASTARD
Old Man's Child,OLD_MAN_S_CHILD
Oleta Adams,OLETA_ADAMS
Olive,OLIVE
Olivia Newton-John,OLIVIA_NEWTON_JOHN
On Thorns I Lay,ON_THORNS_I_LAY
One Way,ONE_WAY
OneRepublic,ONEREPUBLIC
Orange Blue,ORANGE_BLUE
Orbital,ORBITAL
Orgy,ORGY
Orleans,ORLEANS
Orquesta De Edmundo Arias,ORQUESTA_DE_EDMUNDO_ARIAS
Orson,ORSON
Otep,OTEP
Otis Redding,OTIS_REDDING
Ottawan,OTTAWAN
Ours,OURS
OutKast,OUTKAST
Outerspace,OUTERSPACE
Outkast Featuring Killer Mike,OUTKAST_FEATURING_KILLER_MIKE
Over The Rhine,OVER_THE_RHINE
Owen Gray,OWEN_GRAY
Owl City,OWL_CITY
Ozzy Osbourne,OZZY_OSBOURNE
P-Funk All Stars,P_FUNK_ALL_STARS
P.Lion,P_LION
P.O.D.,P_O_D
PJ Harvey,PJ_HARVEY
Pablo Moses,PABLO_MOSES
Pallas,PALLAS
Paloma San Basilio,PALOMA_SAN_BASILIO
Pam Tillis,PAM_TILLIS
Pamela Williams,PAMELA_WILLIAMS
Panic! At The Disco,PANIC_AT_THE_DISCO
Pantera,PANTERA
Pantha Du Prince,PANTHA_DU_PRINCE
Paola & Chiara,PAOLA_CHIARA
Paolo Meneguzzi,PAOLO_MENEGUZZI
Paolo Nutini,PAOLO_NUTINI
Papas Fritas,PAPAS_FRITAS
Paper Route,PAPER_ROUTE
Paramore,PARAMORE
Pariisin Kevät,PARIISIN_KEVAT
Paris Hilton,PARIS_HILTON
Parker & Clind,PARKER_CLIND
Parni Valjak,PARNI_VALJAK
Parts & Labor,PARTS_LABOR
Passi,PASSI
Pat Benatar,PAT_BENATAR
Pat Boone,PAT_BOONE
Pat Green,PAT_GREEN
Pat Metheny Group,PAT_METHENY_GROUP
Pat Travers,PAT_TRAVERS
Pato Fu,PATO_FU
Patricia Kaas,PATRICIA_KAAS
Patricia Manterola,PATRICIA_MANTEROLA
Patrick Bruel,PATRICK_BRUEL
Patrick Hernandez,PATRICK_HERNANDEZ
Patrick Juvet,PATRICK_JUVET
Patrick Nuo,PATRICK_NUO
Patsy Cline,PATSY_CLINE
Patti LaBelle,PATTI_LABELLE
Patti Scialfa,PATTI_SCIALFA
Patti Smith,PATTI_SMITH
Patti Smith Group,PATTI_SMITH_GROUP
Patty Pravo,PATTY_PRAVO
Paul Anka,PAUL_ANKA
Paul Brown,PAUL_BROWN
Paul Cardall,PAUL_CARDALL
Paul Kalkbrenner,PAUL_KALKBRENNER
Paul Mauriat,PAUL_MAURIAT
Paul McCandless,PAUL_MCCANDLESS
Paul McCartney,PAUL_MCCARTNEY
Paul McCartney / Wings,PAUL_MCCARTNEY_WINGS
Paul Nazca,PAUL_NAZCA
Paul Overstreet,PAUL_OVERSTREET
Paul Potts,PAUL_POTTS
Paul Rodgers,PAUL_RODGERS
Paul Stanley,PAUL_STANLEY
Paul Taylor,PAUL_TAYLOR
Paul Van Dyk,PAUL_VAN_DYK
Paula Abdul,PAULA_ABDUL
Paula Toller,PAULA_TOLLER
Peabo Bryson,PEABO_BRYSON
Peabo Bryson And Roberta Flack,PEABO_BRYSON_AND_ROBERTA_FLACK
Pearl Jam,PEARL_JAM
Pee Wee Crayton,PEE_WEE_CRAYTON
Pendulum,PENDULUM
Pepper,PEPPER
Percy Sledge,PERCY_SLEDGE
Perfect Stranger,PERFECT_STRANGER
Perry O'Neil,PERRY_O_NEIL
Pet Shop Boys,PET_SHOP_BOYS
Pete Bardens,PETE_BARDENS
Pete Townshend,PETE_TOWNSHEND
Peter Doherty,PETER_DOHERTY
Peter Frampton,PETER_FRAMPTON
Peter Gabriel,PETER_GABRIEL
Peter Kater,PETER_KATER
Phantom Ghost,PHANTOM_GHOST
Phantom Planet,PHANTOM_PLANET
Phil Collins,PHIL_COLLINS
Phil Vassar,PHIL_VASSAR
Philip Aaberg,PHILIP_AABERG
Phosphorescent,PHOSPHORESCENT
Phyllis Hyman,PHYLLIS_HYMAN
Pieces Of A Dream,PIECES_OF_A_DREAM
Pig & Dan,PIG_DAN
Pillar,PILLAR
Pilot,PILOT
Pilot Speed,PILOT_SPEED
Pink Floyd,PINK_FLOYD
Plastic Bertrand,PLASTIC_BERTRAND
Plastic Boy,PLASTIC_BOY
Plastiscines,PLASTISCINES
Plump DJs,PLUMP_DJS
Po' Girl,PO_GIRL
Polaris,POLARIS
Poncho Sanchez,PONCHO_SANCHEZ
Porcupine Tree,PORCUPINE_TREE
Porter Wagoner & Dolly Parton,PORTER_WAGONER_DOLLY_PARTON
Powderfinger,POWDERFINGER
Praga Khan,PRAGA_KHAN
Prefab Sprout,PREFAB_SPROUT
Premiata Forneria Marconi,PREMIATA_FORNERIA_MARCONI
Pretenders,PRETENDERS
Primal Scream,PRIMAL_SCREAM
Prince,PRINCE
Prince & The New Power Generation,PRINCE_THE_NEW_POWER_GENERATION
Prince & The Revolution,PRINCE_THE_REVOLUTION
Prinz Porno,PRINZ_PORNO
Probspot,PROBSPOT
Procol Harum,PROCOL_HARUM
Project Jenny_ Project Jan,PROJECT_JENNY_PROJECT_JAN
Prozak,PROZAK
Puddle Of Mudd,PUDDLE_OF_MUDD
Pulp,PULP
Pupo,PUPO
Puppetmastaz,PUPPETMASTAZ
Pur,PUR
Pursuit Of Happiness,PURSUIT_OF_HAPPINESS
Push,PUSH
Queen,QUEEN
Queen + Paul Rodgers,QUEEN_PAUL_RODGERS
Queen of Japan,QUEEN_OF_JAPAN
Queens Of The Stone Age,QUEENS_OF_THE_STONE_AGE
Queensryche,QUEENSRYCHE
R. Kelly,R_KELLY
R. Kelly duet with Celine Dion,R_KELLY_DUET_WITH_CELINE_DION
R.E.M.,R_E_M
REO Speedwagon,REO_SPEEDWAGON
RIP SLYME,RIP_SLYME
RODNEY CROWELL,RODNEY_CROWELL
RUN-DMC,RUN_DMC
Raashan Ahmad,RAASHAN_AHMAD
Racey,RACEY
Rachael Yamagata,RACHAEL_YAMAGATA
Rachel Rachel,RACHEL_RACHEL
Rachel Sweet,RACHEL_SWEET
Rachel Unthank And The Winterset,RACHEL_UNTHANK_AND_THE_WINTERSET
Radikal Dub Kolektiv,RADIKAL_DUB_KOLEKTIV
Radiohead,RADIOHEAD
Raduza,RADUZA
Raf,RAF
Rage Against The Machine,RAGE_AGAINST_THE_MACHINE
Raimundos,RAIMUNDOS
Rainbow,RAINBOW
Ram Squad,RAM_SQUAD
Ramadanman,RAMADANMAN
Rammstein,RAMMSTEIN
Ramones,RAMONES
Ramsey Lewis Trio,RAMSEY_LEWIS_TRIO
Random Noise Generation,RANDOM_NOISE_GENERATION
Randy Crawford,RANDY_CRAWFORD
Randy Houser,RANDY_HOUSER
Randy Travis,RANDY_TRAVIS
Rank 1,RANK_1
Ratatat,RATATAT
Raul Malo,RAUL_MALO
Raul Seixas,RAUL_SEIXAS
Ray Charles,RAY_CHARLES
Ray Davies,RAY_DAVIES
Ray Lynch,RAY_LYNCH
Ray Parker Jr.,RAY_PARKER_JR
Ray Price,RAY_PRICE
Ray Stevens,RAY_STEVENS
Razorlight,RAZORLIGHT
Real Life,REAL_LIFE
Real McCoy,REAL_MCCOY
Reba McEntire,REBA_MCENTIRE
Reckless Kelly,RECKLESS_KELLY
Red Hot Chili Peppers,RED_HOT_CHILI_PEPPERS
Redbone,REDBONE
Regina Belle,REGINA_BELLE
Regurgitate,REGURGITATE
Rehab,REHAB
Remy Shand,REMY_SHAND
Renaissance,RENAISSANCE
Restless Heart,RESTLESS_HEART
Reverend Beat-Man & The Un-Believers,REVEREND_BEAT_MAN_THE_UN_BELIEVERS
Rex The Dog,REX_THE_DOG
Rhonda Vincent,RHONDA_VINCENT
Ric Ocasek,RIC_OCASEK
Ricardo Montaner,RICARDO_MONTANER
Ricchi E Poveri,RICCHI_E_POVERI
Richard Clayderman,RICHARD_CLAYDERMAN
Richard Hawley,RICHARD_HAWLEY
Richard Marx,RICHARD_MARX
Richie Ray & Bobby Cruz,RICHIE_RAY_BOBBY_CRUZ
Richmond Fontaine,RICHMOND_FONTAINE
Rick Astley,RICK_ASTLEY
Rick Braun,RICK_BRAUN
Rick Derringer,RICK_DERRINGER
Rick James,RICK_JAMES
Rick Nelson,RICK_NELSON
Rick Trevino,RICK_TREVINO
Ricki-Lee,RICKI_LEE
Ricky Martin,RICKY_MARTIN
Ricky Martin & Meja,RICKY_MARTIN_MEJA
Ricky Skaggs,RICKY_SKAGGS
Ricky Van Shelton,RICKY_VAN_SHELTON
Ricochet,RICOCHET
Right Said Fred,RIGHT_SAID_FRED
Rihanna,RIHANNA
Rihanna Feat. Jay-Z,RIHANNA_FEAT_JAY_Z
Rino Gaetano,RINO_GAETANO
Riot,RIOT
Rita Lee,RITA_LEE
Rita Lee/Roberto De Carvalho,RITA_LEE_ROBERTO_DE_CARVALHO
Ritchie Blackmore,RITCHIE_BLACKMORE
Ritchie Valens,RITCHIE_VALENS
Rivers Cuomo,RIVERS_CUOMO
Rob Zombie,ROB_ZOMBIE
Robbie Fulks,ROBBIE_FULKS
Robbie Williams,ROBBIE_WILLIAMS
Robbie Williams & Queen,ROBBIE_WILLIAMS_QUEEN
Robbie Williams And Nicole Kidman,ROBBIE_WILLIAMS_AND_NICOLE_KIDMAN
Robert Babicz,ROBERT_BABICZ
Robert Earl Keen,ROBERT_EARL_KEEN
Robert Gordon,ROBERT_GORDON
Robert Miles,ROBERT_MILES
Robert Palmer,ROBERT_PALMER
Robert Plant,ROBERT_PLANT
Roberta Flack,ROBERTA_FLACK
Roberto Vecchioni,ROBERTO_VECCHIONI
Robyn Hitchcock & The Venus 3,ROBYN_HITCHCOCK_THE_VENUS_3
Rocazino,ROCAZINO
Roch Voisine,ROCH_VOISINE
Rocio Durcal,ROCIO_DURCAL
Rod Stewart,ROD_STEWART
Rodolfo Y Su Tipica Ra7,RODOLFO_Y_SU_TIPICA_RA7
Roger Creager,ROGER_CREAGER
Roger Eno,ROGER_ENO
Roger Miller,ROGER_MILLER
Roger Taylor,ROGER_TAYLOR
Roger Waters,ROGER_WATERS
Ronan Hardiman,RONAN_HARDIMAN
Ronan Keating,RONAN_KEATING
Rondò Veneziano,RONDO_VENEZIANO
Ronnie Milsap,RONNIE_MILSAP
Roomful Of Blues,ROOMFUL_OF_BLUES
Rooney,ROONEY
Rosana,ROSANA
Rosanne Cash,ROSANNE_CASH
Rosario,ROSARIO
Rosenstolz,ROSENSTOLZ
Rosie Flores,ROSIE_FLORES
Rotting Christ,ROTTING_CHRIST
Roxette,ROXETTE
Roxy Music,ROXY_MUSIC
Roy Drusky,ROY_DRUSKY
Roy Orbison,ROY_ORBISON
Ruff Endz,RUFF_ENDZ
Rufus Thomas,RUFUS_THOMAS
Rush,RUSH
Rush Of Fools,RUSH_OF_FOOLS
Russ Freeman,RUSS_FREEMAN
Russell Watson / Mark Smith / Royal Philharmonic Orchestra / Nick Ingman,RUSSELL_WATSON_MARK_SMITH_ROYAL_PHILHARMONIC_ORCHESTRA_NICK_INGMAN
Ruth,RUTH
Ruth Jacott,RUTH_JACOTT
Ruthie Foster,RUTHIE_FOSTER
Ryan Adams,RYAN_ADAMS
Ryan Star,RYAN_STAR
RyanDan,RYANDAN
Róisín Murphy,ROISIN_MURPHY
S Club 7,S_CLUB_7
S Club Juniors,S_CLUB_JUNIORS
S.O.A.P.,S_O_A_P
SK8,SK8
SONATA ARCTICA,SONATA_ARCTICA
SR-71,SR_71
Sade,SADE
Safi Connection,SAFI_CONNECTION
Safri Duo,SAFRI_DUO
Sahara Hotnights,SAHARA_HOTNIGHTS
Saint Etienne,SAINT_ETIENNE
Salif Keita,SALIF_KEITA
Sam & Dave,SAM_DAVE
Sam The Sham & The Pharaohs,SAM_THE_SHAM_THE_PHARAOHS
Sam and Dave,SAM_AND_DAVE
Samael,SAMAEL
Samantha Mumba,SAMANTHA_MUMBA
Same Difference,SAME_DIFFERENCE
Sammi Smith,SAMMI_SMITH
Sammy Kershaw,SAMMY_KERSHAW
Samuele Bersani,SAMUELE_BERSANI
Sander Kleinenberg,SANDER_KLEINENBERG
Sandra,SANDRA
Sandra Oxenryd,SANDRA_OXENRYD
Sandy Posey,SANDY_POSEY
Santana,SANTANA
Santana Featuring Chad Kroeger,SANTANA_FEATURING_CHAD_KROEGER
Santana feat. Dave Matthews & Carter Beauford,SANTANA_FEAT_DAVE_MATTHEWS_CARTER_BEAUFORD
Santiago Nino,SANTIAGO_NINO
Sara Bareilles,SARA_BAREILLES
Sara Evans,SARA_EVANS
Sarah Brightman,SARAH_BRIGHTMAN
Sarah Connor,SARAH_CONNOR
Sarah Cracknell,SARAH_CRACKNELL
Sarah McLachlan,SARAH_MCLACHLAN
Sarah Slean,SARAH_SLEAN
Sascha Funke,SASCHA_FUNKE
Savage Garden,SAVAGE_GARDEN
Saving Abel,SAVING_ABEL
Saybia,SAYBIA
Scan X,SCAN_X
Scatman John,SCATMAN_JOHN
Schweisser,SCHWEISSER
Scooter,SCOOTER
Scorpions,SCORPIONS
Scott Joplin,SCOTT_JOPLIN
Scott McKeon,SCOTT_MCKEON
Scout Niblett,SCOUT_NIBLETT
Scritti Politti,SCRITTI_POLITTI
Seal,SEAL
Sean Kingston,SEAN_KINGSTON
Sean Paul,SEAN_PAUL
Sebastian Brandt,SEBASTIAN_BRANDT
Sebastian Deyle,SEBASTIAN_DEYLE
Sebastian Sand,SEBASTIAN_SAND
Secondhand Serenade,SECONDHAND_SERENADE
Secret Service,SECRET_SERVICE
Seelenkrank,SEELENKRANK
Seether,SEETHER
Selena,SELENA
Selena Gomez,SELENA_GOMEZ
Selena Gomez & The Scene,SELENA_GOMEZ_THE_SCENE
Selena Y Los Dinos,SELENA_Y_LOS_DINOS
Semisonic,SEMISONIC
Sentenced,SENTENCED
September,SEPTEMBER
Sergio Cammariere,SERGIO_CAMMARIERE
Sergio Dalma,SERGIO_DALMA
Sesto Sento,SESTO_SENTO
Sex Pistols,SEX_PISTOLS
Sexion d'Assaut,SEXION_D_ASSAUT
Sha-Na-Na,SHA_NA_NA
Shadow Gallery,SHADOW_GALLERY
Shadowy Men on a Shadowy Planet,SHADOWY_MEN_ON_A_SHADOWY_PLANET
Shaggy,SHAGGY
Shakin' Stevens,SHAKIN_STEVENS
Shakira,SHAKIRA
Shamanic Tribes On Acid,SHAMANIC_TRIBES_ON_ACID
Shangri Las,SHANGRI_LAS
Shania Twain,SHANIA_TWAIN
Shania Twain / Mark McGrath,SHANIA_TWAIN_MARK_MCGRATH
Shanice,SHANICE
Shanks & Bigfoot,SHANKS_BIGFOOT
Shannon Noll and Natalie Bassingthwaighte,SHANNON_NOLL_AND_NATALIE_BASSINGTHWAIGHTE
Shawn Colvin,SHAWN_COLVIN
Shayne Ward,SHAYNE_WARD
Shazz,SHAZZ
Shearwater,SHEARWATER
Shenandoah,SHENANDOAH
Sherrié Austin,SHERRIE_AUSTIN
Sheryl Crow,SHERYL_CROW
Shinedown,SHINEDOWN
Shinichi Osawa,SHINICHI_OSAWA
Shiny Toy Guns,SHINY_TOY_GUNS
Shirley Brown,SHIRLEY_BROWN
Shitdisco,SHITDISCO
Shooter Jennings,SHOOTER_JENNINGS
Shout Out Louds,SHOUT_OUT_LOUDS
Showaddywaddy,SHOWADDYWADDY
Showtek,SHOWTEK
Sian Alice Group,SIAN_ALICE_GROUP
Signal,SIGNAL
Sigue Sigue Sputnik,SIGUE_SIGUE_SPUTNIK
Sigur Rós,SIGUR_ROS
Silk,SILK
Silverchair,SILVERCHAIR
Simian Mobile Disco,SIMIAN_MOBILE_DISCO
Simon & Garfunkel,SIMON_GARFUNKEL
Simon Webbe,SIMON_WEBBE
Simple Minds,SIMPLE_MINDS
Simple Plan,SIMPLE_PLAN
Simply Red,SIMPLY_RED
Sinéad O'Connor,SINEAD_O_CONNOR
Sipho Mabuse,SIPHO_MABUSE
Sister Hazel,SISTER_HAZEL
Sister Sledge,SISTER_SLEDGE
Sister Vanilla,SISTER_VANILLA
Ska-P,SKA_P
Skeeter Davis,SKEETER_DAVIS
Skid Row,SKID_ROW
SkinnyMan,SKINNYMAN
Sky,SKY
Slash,SLASH
Slave,SLAVE
Slayer,SLAYER
Small Black,SMALL_BLACK
Small Faces,SMALL_FACES
Smash Mouth,SMASH_MOUTH
Smash TV,SMASH_TV
Smokey Robinson & The Miracles,SMOKEY_ROBINSON_THE_MIRACLES
Smokie,SMOKIE
Sniff 'n' The Tears,SNIFF_N_THE_TEARS
Snow Patrol,SNOW_PATROL
Soda Stereo,SODA_STEREO
Soft Cell,SOFT_CELL
Solar Fields,SOLAR_FIELDS
Solid Sessions,SOLID_SESSIONS
Sonic Youth,SONIC_YOUTH
Sonique,SONIQUE
Sonny & Cher,SONNY_CHER
Sonny Boy Williamson,SONNY_BOY_WILLIAMSON
Sonny James,SONNY_JAMES
Sons Of The Pioneers,SONS_OF_THE_PIONEERS
Sophie B. Hawkins,SOPHIE_B_HAWKINS
Sophie Ellis-Bextor,SOPHIE_ELLIS_BEXTOR
Sophie Monk,SOPHIE_MONK
Soul Asylum,SOUL_ASYLUM
Soundgarden,SOUNDGARDEN
Sounds From The Ground / Taz Alexander,SOUNDS_FROM_THE_GROUND_TAZ_ALEXANDER
Sounds Like Violence,SOUNDS_LIKE_VIOLENCE
Southeast Engine,SOUTHEAST_ENGINE
Spacehog,SPACEHOG
Spagna,SPAGNA
Spandau Ballet,SPANDAU_BALLET
Sparklehorse,SPARKLEHORSE
Spice Girls,SPICE_GIRLS
Spinal Tap,SPINAL_TAP
Spinners,SPINNERS
Spiritualized,SPIRITUALIZED
Spliff,SPLIFF
Splitloop,SPLITLOOP
Spooky Tooth,SPOOKY_TOOTH
Spoon_ Harris & Obernik,SPOON_HARRIS_OBERNIK
Sportsguitar,SPORTSGUITAR
Springbok Nude Girls,SPRINGBOK_NUDE_GIRLS
Spyro Gyra,SPYRO_GYRA
Squeeze,SQUEEZE
Stacey Q,STACEY_Q
Stacie Orrico,STACIE_ORRICO
Stadio,STADIO
Staind,STAIND
Stanley Jordan,STANLEY_JORDAN
Starbuck,STARBUCK
Starecase,STARECASE
Stars,STARS
Starship,STARSHIP
Starsplash,STARSPLASH
State Of The Heart,STATE_OF_THE_HEART
Status Quo,STATUS_QUO
Steeleye Span,STEELEYE_SPAN
Steely Dan,STEELY_DAN
Stephan Bodzin,STEPHAN_BODZIN
Stephanie Mills,STEPHANIE_MILLS
Steps,STEPS
Steps Ahead,STEPS_AHEAD
Stereophonics,STEREOPHONICS
Steve Bug,STEVE_BUG
Steve Cradock,STEVE_CRADOCK
Steve Forbert,STEVE_FORBERT
Steve Harley & Cockney Rebel,STEVE_HARLEY_COCKNEY_REBEL
Steve Howe,STEVE_HOWE
Steve Miller,STEVE_MILLER
Steve Miller Band,STEVE_MILLER_BAND
Steve Morse,STEVE_MORSE
Steve Perry,STEVE_PERRY
Steve Tyrell,STEVE_TYRELL
Steve Vai,STEVE_VAI
Steve Winwood,STEVE_WINWOOD
Stevie Nicks,STEVIE_NICKS
Stevie Nicks w/ Tom Petty and the Heartbreakers,STEVIE_NICKS_W_TOM_PETTY_AND_THE_HEARTBREAKERS
Stevie Ray Vaughan And Double Trouble,STEVIE_RAY_VAUGHAN_AND_DOUBLE_TROUBLE
Stevie Ray Vaughan;Double Trouble,STEVIE_RAY_VAUGHAN_DOUBLE_TROUBLE
Stevie Wonder,STEVIE_WONDER
Sting,STING
Stockard Channing,STOCKARD_CHANNING
Stockholm Monsters,STOCKHOLM_MONSTERS
Stone Temple Pilots,STONE_TEMPLE_PILOTS
Stonewall Jackson,STONEWALL_JACKSON
Strawberry Alarm Clock,STRAWBERRY_ALARM_CLOCK
Straylight Run,STRAYLIGHT_RUN
Streetwize,STREETWIZE
Studio,STUDIO
Styx,STYX
SubNoize Souljaz,SUBNOIZE_SOULJAZ
Subsonica,SUBSONICA
Suburban Knight,SUBURBAN_KNIGHT
Sugababes,SUGABABES
Sugar Ray,SUGAR_RAY
Sugarfree,SUGARFREE
Sugarland,SUGARLAND
Sugarplum Fairy,SUGARPLUM_FAIRY
Suicidal Romance,SUICIDAL_ROMANCE
Sum 41,SUM_41
Summer At Shatter Creek,SUMMER_AT_SHATTER_CREEK
Sunbeam,SUNBEAM
Superbus,SUPERBUS
Supergrass,SUPERGRASS
Supermayer,SUPERMAYER
Supertramp,SUPERTRAMP
Supremes,SUPREMES
Surface,SURFACE
Survivor,SURVIVOR
Suzanne Vega,SUZANNE_VEGA
Suzi Quatro,SUZI_QUATRO
Suzy Bogguss,SUZY_BOGGUSS
Sven Väth,SVEN_VATH
Sven van Thom,SVEN_VAN_THOM
Swayzak,SWAYZAK
Sweet,SWEET
Sweet Coffee,SWEET_COFFEE
Swinging Blue Jeans,SWINGING_BLUE_JEANS
Switchfoot,SWITCHFOOT
Sylver,SYLVER
Sylvester,SYLVESTER
Symphony X,SYMPHONY_X
System of a Down,SYSTEM_OF_A_DOWN
T'Pau,T_PAU
T. Graham Brown,T_GRAHAM_BROWN
T. Rex,T_REX
T.Love,T_LOVE
T.O.K.,T_O_K
TEN MADISON,TEN_MADISON
THERION,THERION
TLC,TLC
TV On The Radio,TV_ON_THE_RADIO
Take That Featuring Lulu,TAKE_THAT_FEATURING_LULU
Talib Kweli,TALIB_KWELI
Talk Talk,TALK_TALK
Talking Heads,TALKING_HEADS
Talla 2XLC,TALLA_2XLC
Tammy Wynette,TAMMY_WYNETTE
Tangerine Dream,TANGERINE_DREAM
Tanita Tikaram,TANITA_TIKARAM
Tasmin Archer,TASMIN_ARCHER
Tavares,TAVARES
Taxiride,TAXIRIDE
Taylor Swift,TAYLOR_SWIFT
Tears For Fears,TEARS_FOR_FEARS
Teenage Fanclub,TEENAGE_FANCLUB
Teitur,TEITUR
Temple One,TEMPLE_ONE
Temprees,TEMPREES
Tenth Avenue North,TENTH_AVENUE_NORTH
Tepr,TEPR
Terra Naomi,TERRA_NAOMI
Terri Clark,TERRI_CLARK
Terry Jacks,TERRY_JACKS
Tesla,TESLA
Tesla Boy,TESLA_BOY
Test Dept,TEST_DEPT
Texas,TEXAS
Thalia,THALIA
That Mucho,THAT_MUCHO
The 2 Live Crew,THE_2_LIVE_CREW
The Advantage,THE_ADVANTAGE
The Alan Parsons Project,THE_ALAN_PARSONS_PROJECT
The Alarm,THE_ALARM
The All-American Rejects,THE_ALL_AMERICAN_REJECTS
The Almost,THE_ALMOST
The Amorphous Androgynous,THE_AMORPHOUS_ANDROGYNOUS
The Animals,THE_ANIMALS
The Aqua Velvets,THE_AQUA_VELVETS
The Archies,THE_ARCHIES
The Ark,THE_ARK
The Auteurs,THE_AUTEURS
The Avett Brothers,THE_AVETT_BROTHERS
The B-52's,THE_B_52_S
The Bar-Kays,THE_BAR_KAYS
The Bats,THE_BATS
The Battle of Land and Sea,THE_BATTLE_OF_LAND_AND_SEA
The Beach Boys,THE_BEACH_BOYS
The Beautiful South,THE_BEAUTIFUL_SOUTH
The Black Dog,THE_BLACK_DOG
The Black Eyed Peas,THE_BLACK_EYED_PEAS
The Blasters,THE_BLASTERS
The Blues Brothers,THE_BLUES_BROTHERS
The Boo Radleys,THE_BOO_RADLEYS
The Boomtown Rats,THE_BOOMTOWN_RATS
The Boston Pops Orchestra / John Williams,THE_BOSTON_POPS_ORCHESTRA_JOHN_WILLIAMS
The Box Tops,THE_BOX_TOPS
The Boys Next Door,THE_BOYS_NEXT_DOOR
The Bravery,THE_BRAVERY
The Breeders,THE_BREEDERS
The Browns,THE_BROWNS
The Buggles,THE_BUGGLES
The Byrds,THE_BYRDS
The Calling,THE_CALLING
The Cardigans,THE_CARDIGANS
The Carpenters,THE_CARPENTERS
The Cars,THE_CARS
The Champs,THE_CHAMPS
The Charlie Daniels Band,THE_CHARLIE_DANIELS_BAND
The Church,THE_CHURCH
The Cinematic Orchestra,THE_CINEMATIC_ORCHESTRA
The Classics IV,THE_CLASSICS_IV
The Clientele,THE_CLIENTELE
The Cliks,THE_CLIKS
The Communards,THE_COMMUNARDS
The Concretes,THE_CONCRETES
The Contours,THE_CONTOURS
The Copyrights,THE_COPYRIGHTS
The Corrs,THE_CORRS
The Courteeners,THE_COURTEENERS
The Cowsills,THE_COWSILLS
The Cranberries,THE_CRANBERRIES
The Crash,THE_CRASH
The Crests,THE_CRESTS
The Crimea,THE_CRIMEA
The Cross,THE_CROSS
The Crystals,THE_CRYSTALS
The Cult,THE_CULT
The Cure,THE_CURE
The Cyrkle,THE_CYRKLE
The Damage Manual,THE_DAMAGE_MANUAL
The Dandy Warhols,THE_DANDY_WARHOLS
The Darkness,THE_DARKNESS
The Darkside,THE_DARKSIDE
The Dave Brubeck Quartet,THE_DAVE_BRUBECK_QUARTET
The Deadly Syndrome,THE_DEADLY_SYNDROME
The Dears,THE_DEARS
The Decemberists,THE_DECEMBERISTS
The Deep Dark Woods,THE_DEEP_DARK_WOODS
The Delfonics,THE_DELFONICS
The Derailers,THE_DERAILERS
The Disco Boys,THE_DISCO_BOYS
The Donnas,THE_DONNAS
The Doobie Brothers,THE_DOOBIE_BROTHERS
The Doors,THE_DOORS
The Dramatics,THE_DRAMATICS
The Drifters,THE_DRIFTERS
The Elgins,THE_ELGINS
The Everly Brothers,THE_EVERLY_BROTHERS
The Exciters,THE_EXCITERS
The Extra Glenns,THE_EXTRA_GLENNS
The Feeling,THE_FEELING
The Flaming Lips,THE_FLAMING_LIPS
The Floaters,THE_FLOATERS
The Flying Burrito Brothers,THE_FLYING_BURRITO_BROTHERS
The Fortunes,THE_FORTUNES
The Four Seasons,THE_FOUR_SEASONS
The Four Tops,THE_FOUR_TOPS
The Frank And Walters,THE_FRANK_AND_WALTERS
The Fratellis,THE_FRATELLIS
The Gants,THE_GANTS
The Gap Band,THE_GAP_BAND
The Gathering,THE_GATHERING
The Glenn Miller Orchestra,THE_GLENN_MILLER_ORCHESTRA
The Go-Go's,THE_GO_GO_S
The Goo Goo Dolls,THE_GOO_GOO_DOLLS
The Good_ The Bad and The Queen,THE_GOOD_THE_BAD_AND_THE_QUEEN
The Grass Roots,THE_GRASS_ROOTS
The Grassroots,THE_GRASSROOTS
The Gregg Allman Band,THE_GREGG_ALLMAN_BAND
The Guess Who,THE_GUESS_WHO
The Hacker,THE_HACKER
The Hidden Cameras,THE_HIDDEN_CAMERAS
The Highwaymen,THE_HIGHWAYMEN
The Highwaymen (Waylon Jennings_ Willie Nelson_ Johnny Cash_ Kris Kristofferson),THE_HIGHWAYMEN_WAYLON_JENNINGS_WILLIE_NELSON_JOHNNY_CASH_KRIS_KRISTOFFERSON
The Hitmen,THE_HITMEN
The Hold Steady,THE_HOLD_STEADY
The Hollies,THE_HOLLIES
The Honorary Title,THE_HONORARY_TITLE
The Hooters,THE_HOOTERS
The Housemartins,THE_HOUSEMARTINS
The Human League,THE_HUMAN_LEAGUE
The Icicle Works,THE_ICICLE_WORKS
The Isley Brothers,THE_ISLEY_BROTHERS
The Jacksons,THE_JACKSONS
The James Gang,THE_JAMES_GANG
The Jesus And Mary Chain,THE_JESUS_AND_MARY_CHAIN
The Jimi Hendrix Experience,THE_JIMI_HENDRIX_EXPERIENCE
The John Evans Band,THE_JOHN_EVANS_BAND
The Juan MacLean,THE_JUAN_MACLEAN
The Killers,THE_KILLERS
The Kingsmen,THE_KINGSMEN
The Kinks,THE_KINKS
The Last Goodnight,THE_LAST_GOODNIGHT
The Leisure Society,THE_LEISURE_SOCIETY
The Lemon Pipers,THE_LEMON_PIPERS
The Lillingtons,THE_LILLINGTONS
The Louvin Brothers,THE_LOUVIN_BROTHERS
The Lovin' Spoonful,THE_LOVIN_SPOONFUL
The Luniz,THE_LUNIZ
The Mad Capsule Markets,THE_MAD_CAPSULE_MARKETS
The Mad Lads,THE_MAD_LADS
The Magic Numbers,THE_MAGIC_NUMBERS
The Magnetic Fields,THE_MAGNETIC_FIELDS
The Mahotella Queens,THE_MAHOTELLA_QUEENS
The Main Ingredient,THE_MAIN_INGREDIENT
The Mamas & The Papas,THE_MAMAS_THE_PAPAS
The Manhattans,THE_MANHATTANS
The Mar-Keys,THE_MAR_KEYS
The Marcels,THE_MARCELS
The Marshall Tucker Band,THE_MARSHALL_TUCKER_BAND
The Marvelettes,THE_MARVELETTES
The Mavericks,THE_MAVERICKS
The Mindbenders,THE_MINDBENDERS
The Misfits,THE_MISFITS
The Moffatts,THE_MOFFATTS
The Moldy Peaches,THE_MOLDY_PEACHES
The Monitors,THE_MONITORS
The Monkees,THE_MONKEES
The Moody Blues,THE_MOODY_BLUES
The Motorcity All Stars feat. Levi Stubbs,THE_MOTORCITY_ALL_STARS_FEAT_LEVI_STUBBS
The Nashville Bluegrass Band,THE_NASHVILLE_BLUEGRASS_BAND
The Nashville Teens,THE_NASHVILLE_TEENS
The New Cars,THE_NEW_CARS
The New Orleans Ragtime Orchestra,THE_NEW_ORLEANS_RAGTIME_ORCHESTRA
The New Seekers,THE_NEW_SEEKERS
The Nolans,THE_NOLANS
The Notorious B.I.G.,THE_NOTORIOUS_B_I_G
The Notorious Cherry Bombs,THE_NOTORIOUS_CHERRY_BOMBS
The Notting Hillbillies,THE_NOTTING_HILLBILLIES
The O.C. Supertones,THE_O_C_SUPERTONES
The Ocean Blue,THE_OCEAN_BLUE
The Offspring,THE_OFFSPRING
The Orchids,THE_ORCHIDS
The Ozark Mountain Daredevils,THE_OZARK_MOUNTAIN_DAREDEVILS
The Partridge Family,THE_PARTRIDGE_FAMILY
The Pastels,THE_PASTELS
The Penguins,THE_PENGUINS
The Perishers,THE_PERISHERS
The Pietasters,THE_PIETASTERS
The Police,THE_POLICE
The Polyphonic Spree,THE_POLYPHONIC_SPREE
The Postmarks,THE_POSTMARKS
The Presidents of the United States of America,THE_PRESIDENTS_OF_THE_UNITED_STATES_OF_AMERICA
The Pretenders,THE_PRETENDERS
The Proclaimers,THE_PROCLAIMERS
The Prodigy,THE_PRODIGY
The Psychedelic Furs,THE_PSYCHEDELIC_FURS
The Puppini Sisters,THE_PUPPINI_SISTERS
The Pussycat Dolls,THE_PUSSYCAT_DOLLS
The Quest,THE_QUEST
The Radio Dept.,THE_RADIO_DEPT
The Ramones,THE_RAMONES
The Rascals,THE_RASCALS
The Raveonettes,THE_RAVEONETTES
The Real Booty Babes,THE_REAL_BOOTY_BABES
The Real Thing,THE_REAL_THING
The Red Jumpsuit Apparatus,THE_RED_JUMPSUIT_APPARATUS
The Redwalls,THE_REDWALLS
The Rembrandts,THE_REMBRANDTS
The Reverend Horton Heat,THE_REVEREND_HORTON_HEAT
The Rippingtons,THE_RIPPINGTONS
The Rippingtons / Russ Freeman,THE_RIPPINGTONS_RUSS_FREEMAN
The Roches,THE_ROCHES
The Rolling Stones,THE_ROLLING_STONES
The Romantics,THE_ROMANTICS
The Rubettes,THE_RUBETTES
The Rural Alberta Advantage,THE_RURAL_ALBERTA_ADVANTAGE
The Scene,THE_SCENE
The Scourge Of The Sea,THE_SCOURGE_OF_THE_SEA
The Script,THE_SCRIPT
The Sea Urchins,THE_SEA_URCHINS
The Searchers,THE_SEARCHERS
The Seeds,THE_SEEDS
The Seekers,THE_SEEKERS
The Shangri-Las,THE_SHANGRI_LAS
The Shins,THE_SHINS
The Silencers,THE_SILENCERS
The Small Faces,THE_SMALL_FACES
The Smashing Pumpkins,THE_SMASHING_PUMPKINS
The Smiths,THE_SMITHS
The Soul Children,THE_SOUL_CHILDREN
The Sound,THE_SOUND
The Spiral Starecase,THE_SPIRAL_STARECASE
The Staple Singers,THE_STAPLE_SINGERS
The Statler Brothers,THE_STATLER_BROTHERS
The Stiletto Formal,THE_STILETTO_FORMAL
The Stranglers,THE_STRANGLERS
The Streets,THE_STREETS
The Strokes,THE_STROKES
The Stylistics,THE_STYLISTICS
The Sugarhill Gang,THE_SUGARHILL_GANG
The Supermen Lovers,THE_SUPERMEN_LOVERS
The Supersuckers,THE_SUPERSUCKERS
The Supremes,THE_SUPREMES
The Surfaris,THE_SURFARIS
The Sweet,THE_SWEET
The Sweet Inspirations,THE_SWEET_INSPIRATIONS
The Sweetest Ache,THE_SWEETEST_ACHE
The Teardrop Explodes,THE_TEARDROP_EXPLODES
The Temptations,THE_TEMPTATIONS
The Tony Rich Project,THE_TONY_RICH_PROJECT
The Tractors,THE_TRACTORS
The Trammps,THE_TRAMMPS
The Troggs,THE_TROGGS
The Upper Room,THE_UPPER_ROOM
The Vapors,THE_VAPORS
The Velvet Underground,THE_VELVET_UNDERGROUND
The Ventures,THE_VENTURES
The Verve,THE_VERVE
The Verve Pipe,THE_VERVE_PIPE
The Vines,THE_VINES
The Voluptuous Horror of Karen Black,THE_VOLUPTUOUS_HORROR_OF_KAREN_BLACK
The Wallflowers,THE_WALLFLOWERS
The Warlocks,THE_WARLOCKS
The Weakerthans,THE_WEAKERTHANS
The Weather Girls,THE_WEATHER_GIRLS
The Whip,THE_WHIP
The White Stripes,THE_WHITE_STRIPES
The Who,THE_WHO
The Wonders,THE_WONDERS
The Wreckers,THE_WRECKERS
The Yardbirds,THE_YARDBIRDS
The Youngbloods,THE_YOUNGBLOODS
The Zombies,THE_ZOMBIES
Theatre Of Tragedy,THEATRE_OF_TRAGEDY
Thee More Shallows,THEE_MORE_SHALLOWS
Thelma Houston,THELMA_HOUSTON
Thelonious Monk,THELONIOUS_MONK
Thelonious Monk Septet,THELONIOUS_MONK_SEPTET
They Might Be Giants,THEY_MIGHT_BE_GIANTS
Thicke,THICKE
Thin Lizzy,THIN_LIZZY
Thin White Rope,THIN_WHITE_ROPE
Third Eye Blind,THIRD_EYE_BLIND
Third World,THIRD_WORLD
Thirsty Merc,THIRSTY_MERC
Thirteen Senses,THIRTEEN_SENSES
This Beautiful Republic,THIS_BEAUTIFUL_REPUBLIC
This Day & Age,THIS_DAY_AGE
Thomas Dolby,THOMAS_DOLBY
Tiamat,TIAMAT
Tic Tac Toe,TIC_TAC_TOE
Tiesto,TIESTO
Tiffany,TIFFANY
Tift Merritt,TIFT_MERRITT
Tiga,TIGA
Tiger Lillies,TIGER_LILLIES
Tiger Lou,TIGER_LOU
Timo Maas,TIMO_MAAS
Timo Räisänen,TIMO_RAISANEN
Tina Arena,TINA_ARENA
Tina Turner,TINA_TURNER
Tiny Tin Lady,TINY_TIN_LADY
Tiromancino,TIROMANCINO
Tiziano Ferro,TIZIANO_FERRO
Tiësto,TIESTO
Tiësto feat. Calvin Harris,TIESTO_FEAT_CALVIN_HARRIS
To Rococo Rot,TO_ROCOCO_ROT
Toby Keith,TOBY_KEITH
Tocotronic,TOCOTRONIC
Todd Rundgren,TODD_RUNDGREN
Tokio Hotel & Kerli,TOKIO_HOTEL_KERLI
Tom Cloud,TOM_CLOUD
Tom Grant,TOM_GRANT
Tom Petty,TOM_PETTY
Tom Petty And The Heartbreakers,TOM_PETTY_AND_THE_HEARTBREAKERS
Tom T. Hall,TOM_T_HALL
Tom Tom Club,TOM_TOM_CLUB
Tomas Andersson,TOMAS_ANDERSSON
Tommy Alverson,TOMMY_ALVERSON
Tommy James & The Shondells,TOMMY_JAMES_THE_SHONDELLS
Tommy Roe,TOMMY_ROE
Toni Braxton,TONI_BRAXTON
Toni Childs,TONI_CHILDS
Tony Bennett,TONY_BENNETT
Tony Christie,TONY_CHRISTIE
Tony Orlando & Dawn,TONY_ORLANDO_DAWN
Tony Rebel,TONY_REBEL
Tony Thomas,TONY_THOMAS
Toots & The Maytals,TOOTS_THE_MAYTALS
Toranja,TORANJA
Toto,TOTO
Toy-Box,TOY_BOX
Tracey Ullman,TRACEY_ULLMAN
Tracy Byrd,TRACY_BYRD
Tracy Lawrence,TRACY_LAWRENCE
Traffic,TRAFFIC
Tragedy Khadafi,TRAGEDY_KHADAFI
Train,TRAIN
Trapt,TRAPT
Traveling Wilburys,TRAVELING_WILBURYS
Travis,TRAVIS
Travis Tritt,TRAVIS_TRITT
Tricarico,TRICARICO
Trini Lopez,TRINI_LOPEZ
Trio Elétrico,TRIO_ELETRICO
Trisha Yearwood,TRISHA_YEARWOOD
Tristan Prettyman,TRISTAN_PRETTYMAN
Trivium,TRIVIUM
Troy Pierce,TROY_PIERCE
Tukan,TUKAN
Tullycraft,TULLYCRAFT
Tupac,TUPAC
Twin Atlantic,TWIN_ATLANTIC
Ty Herndon,TY_HERNDON
Tyrese,TYRESE
Tyrone Davis,TYRONE_DAVIS
Tyrone Wells,TYRONE_WELLS
Téléphone,TELEPHONE
U2,U2
UB40,UB40
UNKLE,UNKLE
Udo Jürgens,UDO_JURGENS
Ugly Kid Joe,UGLY_KID_JOE
Ulrich Schnauss,ULRICH_SCHNAUSS
Ultimate Spinach,ULTIMATE_SPINACH
Ultra Vivid Scene,ULTRA_VIVID_SCENE
Ultrabeat,ULTRABEAT
Ultraje A Rigor,ULTRAJE_A_RIGOR
Ultravox,ULTRAVOX
Unbelievable Truth,UNBELIEVABLE_TRUTH
Uncle Kracker,UNCLE_KRACKER
Underworld,UNDERWORLD
Uniting Nations,UNITING_NATIONS
Universal Poplab,UNIVERSAL_POPLAB
Unwritten Law,UNWRITTEN_LAW
Urban Cookie Collective,URBAN_COOKIE_COLLECTIVE
Usher,USHER
Usher & Alicia Keys,USHER_ALICIA_KEYS
Uzeb,UZEB
V V Brown,V_V_BROWN
VHS Or Beta,VHS_OR_BETA
Van Halen,VAN_HALEN
Van McCoy,VAN_MCCOY
Van Morrison,VAN_MORRISON
Van Morrison With James Hunter,VAN_MORRISON_WITH_JAMES_HUNTER
Vanessa Carlton,VANESSA_CARLTON
Vanessa Paradis,VANESSA_PARADIS
Vanessa Williams,VANESSA_WILLIAMS
Vangelis,VANGELIS
Vanilla Ice,VANILLA_ICE
Vasco Rossi,VASCO_ROSSI
Vaya Con Dios,VAYA_CON_DIOS
Vector Lovers,VECTOR_LOVERS
Vedera,VEDERA
Velvet,VELVET
Velvet Revolver,VELVET_REVOLVER
Vengaboys,VENGABOYS
Venom,VENOM
Ventures,VENTURES
Vern Gosdin,VERN_GOSDIN
Vernon Burch,VERNON_BURCH
Verona,VERONA
Vibronics,VIBRONICS
Vicentico,VICENTICO
Vicki Sue Robinson,VICKI_SUE_ROBINSON
Vicky Leandros,VICKY_LEANDROS
Villa Nah,VILLA_NAH
Ville Valo & Natalia Avelon,VILLE_VALO_NATALIA_AVELON
Vince Gill,VINCE_GILL
Vince Guaraldi Trio,VINCE_GUARALDI_TRIO
Vinicio Capossela,VINICIO_CAPOSSELA
Violent Femmes,VIOLENT_FEMMES
Visaci Zamek,VISACI_ZAMEK
Visage,VISAGE
Vita Chambers,VITA_CHAMBERS
Vitamin C,VITAMIN_C
Vivian Green,VIVIAN_GREEN
Vonda Shepard,VONDA_SHEPARD
Voodoo & Serano,VOODOO_SERANO
Voxtrot,VOXTROT
Vusi Mahlasela,VUSI_MAHLASELA
Wade Hayes,WADE_HAYES
Wake Ooloo,WAKE_OOLOO
Wang Chung,WANG_CHUNG
Warren Hill,WARREN_HILL
Warren Zevon,WARREN_ZEVON
Way Out West,WAY_OUT_WEST
Waylon Jennings,WAYLON_JENNINGS
Waylon Jennings & Willie Nelson,WAYLON_JENNINGS_WILLIE_NELSON
We Are Terrorists,WE_ARE_TERRORISTS
We Are The Fallen,WE_ARE_THE_FALLEN
We Shot the Moon,WE_SHOT_THE_MOON
We Show Up On Radar,WE_SHOW_UP_ON_RADAR
Weeping Tile,WEEPING_TILE
Weezer,WEEZER
Weird Al Yankovic,WEIRD_AL_YANKOVIC
Westbam,WESTBAM
Westlife,WESTLIFE
Westlife with Diana Ross,WESTLIFE_WITH_DIANA_ROSS
Westside Connection,WESTSIDE_CONNECTION
Wet Wet Wet,WET_WET_WET
Whiskeytown,WHISKEYTOWN
White Lion,WHITE_LION
Whitesnake,WHITESNAKE
Whitney Houston,WHITNEY_HOUSTON
Whitney Houston Duet With Mariah Carey,WHITNEY_HOUSTON_DUET_WITH_MARIAH_CAREY
Wicked Lester,WICKED_LESTER
Wilco,WILCO
Wildchild,WILDCHILD
Wilderness,WILDERNESS
Wilki,WILKI
Will To Power,WILL_TO_POWER
Will Young,WILL_YOUNG
William Bell,WILLIAM_BELL
William Orbit,WILLIAM_ORBIT
Willie Nelson,WILLIE_NELSON
Willie Nelson & Family,WILLIE_NELSON_FAMILY
Wilson Phillips,WILSON_PHILLIPS
Wim Soutaer,WIM_SOUTAER
Winger,WINGER
Wings,WINGS
Wire Daisies,WIRE_DAISIES
Wishbone Ash,WISHBONE_ASH
Wonderwall,WONDERWALL
Woody Herman,WOODY_HERMAN
World Party,WORLD_PARTY
World Trade,WORLD_TRADE
Wyclef Jean featuring Small World,WYCLEF_JEAN_FEATURING_SMALL_WORLD
X Factor Finalists,X_FACTOR_FINALISTS
X-Perience,X_PERIENCE
X-Wife,X_WIFE
XYZ,XYZ
Xavier Rudd,XAVIER_RUDD
Ximena Sarinana,XIMENA_SARINANA
Xutos & Pontapés,XUTOS_PONTAPES
Xzibit,XZIBIT
Yahel,YAHEL
Yanni,YANNI
Yellowjackets,YELLOWJACKETS
Yes,YES
Yngwie Malmsteen's Rising Force,YNGWIE_MALMSTEEN_S_RISING_FORCE
Yo La Tengo,YO_LA_TENGO
Young Jeezy,YOUNG_JEEZY
Young Parisians,YOUNG_PARISIANS
Youth Group,YOUTH_GROUP
Ysa Ferrer,YSA_FERRER
Yuksek,YUKSEK
Yuridia,YURIDIA
ZZ Top,ZZ_TOP
Zakk Wylde,ZAKK_WYLDE
Zazie,ZAZIE
Zebra,ZEBRA
Zen Cafe,ZEN_CAFE
Zen Café,ZEN_CAFE
Zhané,ZHANE
Zimmers Hole,ZIMMERS_HOLE
Zion Train,ZION_TRAIN
Zoegirl,ZOEGIRL
Zoey Van Goey,ZOEY_VAN_GOEY
Zolof The Rock & Roll Destroyer,ZOLOF_THE_ROCK_ROLL_DESTROYER
Zombie Nation,ZOMBIE_NATION
Zucchero,ZUCCHERO
a1,A1
autoKratz,AUTOKRATZ
frank bretschneider & taylor deupree,FRANK_BRETSCHNEIDER_TAYLOR_DEUPREE
iio,IIO
matchbox twenty,MATCHBOX_TWENTY
stanton warriors,STANTON_WARRIORS
the bird and the bee,THE_BIRD_AND_THE_BEE
zebrahead,ZEBRAHEAD
µ-ziq,ZIQ
üNN,UNN
